SERVICIO;PAIS;POSTALORIG;POSTALDEST;PESO;IMPORTE
E24;PT;0;9999;2;8.88
E24;PT;0;9999;5;9.71
E24;PT;0;9999;10;10.62
E24;PT;0;9999;999999;0.95
E24;ES;1000;6999;2;8.88
E24;ES;1000;6999;5;9.71
E24;ES;1000;6999;10;10.62
E24;ES;1000;6999;999999;0.95
E24;ES;7000;7999;1;10.1
E24;ES;7000;7999;2;12.3
E24;ES;7000;7999;5;14.61
E24;ES;7000;7999;10;16.12
E24;ES;7000;7999;999999;2.55
E24;ES;8000;34999;2;8.88
E24;ES;8000;34999;5;9.71
E24;ES;8000;34999;10;10.62
E24;ES;8000;34999;999999;0.95
E24;ES;35000;35999;1;12
E24;ES;35000;35999;999999;5.58
E24;ES;36000;37999;2;8.88
E24;ES;36000;37999;5;9.71
E24;ES;36000;37999;10;10.62
E24;ES;36000;37999;999999;0.95
E24;ES;38000;38999;1;12
E24;ES;38000;38999;999999;5.58
E24;ES;39000;50999;2;8.88
E24;ES;39000;50999;5;9.71
E24;ES;39000;50999;10;10.62
E24;ES;39000;50999;999999;0.95
E24;ES;51000;52999;1;20.69
E24;ES;51000;52999;999999;4.37
E24;ES;GIB01;GIB01;1;20.69
E24;ES;GIB01;GIB01;999999;4.37
E24;ES;AD100;AD700;5;16.16
E24;ES;AD100;AD700;10;19.86
E24;ES;AD100;AD700;999999;4.37
E72;PT;0;9999;2;5.25
E72;PT;0;9999;5;7.05
E72;PT;0;9999;10;7.84
E72;PT;0;9999;15;8.75
E72;PT;0;9999;20;10.02
E72;PT;0;9999;30;13.18
E72;PT;0;9999;999999;0.89
E72;ES;1000;6999;2;5.25
E72;ES;1000;6999;5;7.05
E72;ES;1000;6999;10;7.84
E72;ES;1000;6999;15;8.75
E72;ES;1000;6999;20;10.02
E72;ES;1000;6999;30;13.18
E72;ES;1000;6999;999999;0.89
E72;ES;7000;7999;1;10.1
E72;ES;7000;7999;2;12.3
E72;ES;7000;7999;5;14.61
E72;ES;7000;7999;10;16.12
E72;ES;7000;7999;999999;2.55
E72;ES;8000;34999;2;5.25
E72;ES;8000;34999;5;7.05
E72;ES;8000;34999;10;7.84
E72;ES;8000;34999;15;8.75
E72;ES;8000;34999;20;10.02
E72;ES;8000;34999;30;13.18
E72;ES;8000;34999;999999;0.89
E72;ES;35000;35999;1;12
E72;ES;35000;35999;999999;5.58
E72;ES;36000;37999;2;5.25
E72;ES;36000;37999;5;7.05
E72;ES;36000;37999;10;7.84
E72;ES;36000;37999;15;8.75
E72;ES;36000;37999;20;10.02
E72;ES;36000;37999;30;13.18
E72;ES;36000;37999;999999;0.89
E72;ES;38000;38999;1;12
E72;ES;38000;38999;999999;5.58
E72;ES;39000;50999;2;5.25
E72;ES;39000;50999;5;7.05
E72;ES;39000;50999;10;7.84
E72;ES;39000;50999;15;8.75
E72;ES;39000;50999;20;10.02
E72;ES;39000;50999;30;13.18
E72;ES;39000;50999;999999;0.89
E72;ES;51000;52999;1;19.98
E72;ES;51000;52999;999999;4.1
E72;ES;GIB01;GIB01;1;19.98
E72;ES;GIB01;GIB01;999999;4.1
E72;ES;AD100;AD700;5;15.86
E72;ES;AD100;AD700;10;19.56
E72;ES;AD100;AD700;999999;0.99
EEU;AT;;;5;102.92
EEU;AT;;;10;112.43
EEU;AT;;;15;118.24
EEU;AT;;;20;123.31
EEU;AT;;;25;129.06
EEU;AT;;;30;136.94
EEU;AT;;;999999;2.19
EEU;BE;;;5;97.73
EEU;BE;;;10;102.63
EEU;BE;;;15;106.08
EEU;BE;;;20;108.87
EEU;BE;;;25;112.31
EEU;BE;;;30;117.51
EEU;BE;;;999999;1.65
EEU;BG;;;5;112.06
EEU;BG;;;10;122.69
EEU;BG;;;15;129.14
EEU;BG;;;20;134.77
EEU;BG;;;25;141.23
EEU;BG;;;30;149.63
EEU;BG;;;999999;2.58
EEU;CC;;;5;86.75
EEU;CC;;;10;91.95
EEU;CC;;;15;95.42
EEU;CC;;;20;98.35
EEU;CC;;;25;101.79
EEU;CC;;;30;105.98
EEU;CC;;;999999;1.05
EEU;CH;;;5;106.47
EEU;CH;;;10;116.56
EEU;CH;;;15;122.67
EEU;CH;;;20;128.04
EEU;CH;;;25;134.17
EEU;CH;;;30;142.15
EEU;CH;;;999999;2.45
EEU;CZ;;;5;112.06
EEU;CZ;;;10;122.69
EEU;CZ;;;15;129.14
EEU;CZ;;;20;134.77
EEU;CZ;;;25;141.23
EEU;CZ;;;30;149.63
EEU;CZ;;;999999;2.58
EEU;DE;;;5;97.73
EEU;DE;;;10;102.63
EEU;DE;;;15;106.08
EEU;DE;;;20;108.87
EEU;DE;;;25;112.31
EEU;DE;;;30;117.51
EEU;DE;;;999999;1.65
EEU;DK;;;5;102.92
EEU;DK;;;10;112.43
EEU;DK;;;15;118.24
EEU;DK;;;20;123.31
EEU;DK;;;25;129.06
EEU;DK;;;30;136.94
EEU;DK;;;999999;2.19
EEU;EE;;;5;112.06
EEU;EE;;;10;122.69
EEU;EE;;;15;129.14
EEU;EE;;;20;134.77
EEU;EE;;;25;141.23
EEU;EE;;;30;149.63
EEU;EE;;;999999;2.58
EEU;FI;;;5;102.92
EEU;FI;;;10;112.43
EEU;FI;;;15;118.24
EEU;FI;;;20;123.31
EEU;FI;;;25;129.06
EEU;FI;;;30;136.94
EEU;FI;;;999999;2.19
EEU;FR;;;5;86.75
EEU;FR;;;10;91.95
EEU;FR;;;15;95.42
EEU;FR;;;20;98.35
EEU;FR;;;25;101.79
EEU;FR;;;30;105.98
EEU;FR;;;999999;1.05
EEU;GB;;;5;97.73
EEU;GB;;;10;102.63
EEU;GB;;;15;106.08
EEU;GB;;;20;108.87
EEU;GB;;;25;112.31
EEU;GB;;;30;117.51
EEU;GB;;;999999;1.65
EEU;GG;;;5;106.47
EEU;GG;;;10;116.56
EEU;GG;;;15;122.67
EEU;GG;;;20;128.04
EEU;GG;;;25;134.17
EEU;GG;;;30;142.15
EEU;GG;;;999999;2.45
EEU;GR;;;5;112.06
EEU;GR;;;10;122.69
EEU;GR;;;15;129.14
EEU;GR;;;20;134.77
EEU;GR;;;25;141.23
EEU;GR;;;30;149.63
EEU;GR;;;999999;2.58
EEU;HU;;;5;112.06
EEU;HU;;;10;122.69
EEU;HU;;;15;129.14
EEU;HU;;;20;134.77
EEU;HU;;;25;141.23
EEU;HU;;;30;149.63
EEU;HU;;;999999;2.58
EEU;IE;;;5;102.92
EEU;IE;;;10;112.43
EEU;IE;;;15;118.24
EEU;IE;;;20;123.31
EEU;IE;;;25;129.06
EEU;IE;;;30;136.94
EEU;IE;;;999999;2.19
EEU;IT;;;5;86.75
EEU;IT;;;10;91.95
EEU;IT;;;15;95.42
EEU;IT;;;20;98.35
EEU;IT;;;25;101.79
EEU;IT;;;30;105.98
EEU;IT;;;999999;1.05
EEU;JE;;;5;106.47
EEU;JE;;;10;116.56
EEU;JE;;;15;122.67
EEU;JE;;;20;128.04
EEU;JE;;;25;134.17
EEU;JE;;;30;142.15
EEU;JE;;;999999;2.45
EEU;LI;;;5;106.47
EEU;LI;;;10;116.56
EEU;LI;;;15;122.67
EEU;LI;;;20;128.04
EEU;LI;;;25;134.17
EEU;LI;;;30;142.15
EEU;LI;;;999999;2.45
EEU;LT;;;5;112.06
EEU;LT;;;10;122.69
EEU;LT;;;15;129.14
EEU;LT;;;20;134.77
EEU;LT;;;25;141.23
EEU;LT;;;30;149.63
EEU;LT;;;999999;2.58
EEU;LU;;;5;97.73
EEU;LU;;;10;102.63
EEU;LU;;;15;106.08
EEU;LU;;;20;108.87
EEU;LU;;;25;112.31
EEU;LU;;;30;117.51
EEU;LU;;;999999;1.65
EEU;LV;;;5;112.06
EEU;LV;;;10;122.69
EEU;LV;;;15;129.14
EEU;LV;;;20;134.77
EEU;LV;;;25;141.23
EEU;LV;;;30;149.63
EEU;LV;;;999999;2.58
EEU;MC;;;5;97.73
EEU;MC;;;10;102.63
EEU;MC;;;15;106.08
EEU;MC;;;20;108.87
EEU;MC;;;25;112.31
EEU;MC;;;30;117.51
EEU;MC;;;999999;1.65
EEU;NL;;;5;97.73
EEU;NL;;;10;102.63
EEU;NL;;;15;106.08
EEU;NL;;;20;108.87
EEU;NL;;;25;112.31
EEU;NL;;;30;117.51
EEU;NL;;;999999;1.65
EEU;NO;;;5;106.47
EEU;NO;;;10;116.56
EEU;NO;;;15;122.67
EEU;NO;;;20;128.04
EEU;NO;;;25;134.17
EEU;NO;;;30;142.15
EEU;NO;;;999999;2.45
EEU;PL;;;5;112.06
EEU;PL;;;10;122.69
EEU;PL;;;15;129.14
EEU;PL;;;20;134.77
EEU;PL;;;25;141.23
EEU;PL;;;30;149.63
EEU;PL;;;999999;2.58
EEU;RO;;;5;112.06
EEU;RO;;;10;122.69
EEU;RO;;;15;129.14
EEU;RO;;;20;134.77
EEU;RO;;;25;141.23
EEU;RO;;;30;149.63
EEU;RO;;;999999;2.58
EEU;SE;;;5;102.92
EEU;SE;;;10;112.43
EEU;SE;;;15;118.24
EEU;SE;;;20;123.31
EEU;SE;;;25;129.06
EEU;SE;;;30;136.94
EEU;SE;;;999999;2.19
EEU;SI;;;5;112.06
EEU;SI;;;10;122.69
EEU;SI;;;15;129.14
EEU;SI;;;20;134.77
EEU;SI;;;25;141.23
EEU;SI;;;30;149.63
EEU;SI;;;999999;2.58
EEU;SK;;;5;112.06
EEU;SK;;;10;122.69
EEU;SK;;;15;129.14
EEU;SK;;;20;134.77
EEU;SK;;;25;141.23
EEU;SK;;;30;149.63
EEU;SK;;;999999;2.58
EEU;SM;;;5;106.47
EEU;SM;;;10;116.56
EEU;SM;;;15;122.67
EEU;SM;;;20;128.04
EEU;SM;;;25;134.17
EEU;SM;;;30;142.15
EEU;SM;;;999999;2.45
EEU;VA;;;5;102.92
EEU;VA;;;10;112.43
EEU;VA;;;15;118.24
EEU;VA;;;20;123.31
EEU;VA;;;25;129.06
EEU;VA;;;30;136.94
EEU;VA;;;999999;2.19
EWW;AE;;;2;96.37
EWW;AE;;;3;115.84
EWW;AE;;;4;133.25
EWW;AE;;;5;150.65
EWW;AE;;;10;198.26
EWW;AE;;;15;226.36
EWW;AE;;;20;262.88
EWW;AE;;;30;313.55
EWW;AE;;;40;359.03
EWW;AE;;;50;397.89
EWW;AE;;;60;445.47
EWW;AE;;;70;493.04
EWW;AE;;;999999;6.46
EWW;AF;;;2;96.37
EWW;AF;;;3;115.84
EWW;AF;;;4;133.25
EWW;AF;;;5;150.65
EWW;AF;;;10;198.26
EWW;AF;;;15;226.36
EWW;AF;;;20;262.88
EWW;AF;;;30;313.55
EWW;AF;;;40;359.03
EWW;AF;;;50;397.89
EWW;AF;;;60;445.47
EWW;AF;;;70;493.04
EWW;AF;;;999999;6.46
EWW;AG;;;2;107.34
EWW;AG;;;3;126.43
EWW;AG;;;4;143.11
EWW;AG;;;5;159.8
EWW;AG;;;10;236.05
EWW;AG;;;15;261.31
EWW;AG;;;20;297.68
EWW;AG;;;30;354.91
EWW;AG;;;40;414.4
EWW;AG;;;50;462.4
EWW;AG;;;60;520.5
EWW;AG;;;70;578.58
EWW;AG;;;999999;7.58
EWW;AI;;;2;107.34
EWW;AI;;;3;126.43
EWW;AI;;;4;143.11
EWW;AI;;;5;159.8
EWW;AI;;;10;236.05
EWW;AI;;;15;261.31
EWW;AI;;;20;297.68
EWW;AI;;;30;354.91
EWW;AI;;;40;414.4
EWW;AI;;;50;462.4
EWW;AI;;;60;520.5
EWW;AI;;;70;578.58
EWW;AI;;;999999;7.58
EWW;AL;;;2;97.44
EWW;AL;;;3;117.3
EWW;AL;;;4;133.67
EWW;AL;;;5;150.01
EWW;AL;;;10;201.2
EWW;AL;;;15;217.98
EWW;AL;;;20;238.84
EWW;AL;;;30;280.64
EWW;AL;;;40;321.71
EWW;AL;;;50;349.26
EWW;AL;;;60;394.5
EWW;AL;;;70;431.7
EWW;AL;;;999999;5.66
EWW;AM;;;2;107.34
EWW;AM;;;3;126.43
EWW;AM;;;4;143.11
EWW;AM;;;5;159.8
EWW;AM;;;10;236.05
EWW;AM;;;15;261.31
EWW;AM;;;20;297.68
EWW;AM;;;30;354.91
EWW;AM;;;40;414.4
EWW;AM;;;50;462.4
EWW;AM;;;60;520.5
EWW;AM;;;70;578.58
EWW;AM;;;999999;7.58
EWW;AN;;;2;107.34
EWW;AN;;;3;126.43
EWW;AN;;;4;143.11
EWW;AN;;;5;159.8
EWW;AN;;;10;236.05
EWW;AN;;;15;261.31
EWW;AN;;;20;297.68
EWW;AN;;;30;354.91
EWW;AN;;;40;414.4
EWW;AN;;;50;462.4
EWW;AN;;;60;520.5
EWW;AN;;;70;578.58
EWW;AN;;;999999;7.58
EWW;AO;;;2;107.34
EWW;AO;;;3;126.43
EWW;AO;;;4;143.11
EWW;AO;;;5;159.8
EWW;AO;;;10;236.05
EWW;AO;;;15;261.31
EWW;AO;;;20;297.68
EWW;AO;;;30;354.91
EWW;AO;;;40;414.4
EWW;AO;;;50;462.4
EWW;AO;;;60;520.5
EWW;AO;;;70;578.58
EWW;AO;;;999999;7.58
EWW;AR;;;2;87.86
EWW;AR;;;3;106.71
EWW;AR;;;4;122.96
EWW;AR;;;5;139.15
EWW;AR;;;10;191
EWW;AR;;;15;214.93
EWW;AR;;;20;248.17
EWW;AR;;;30;292.84
EWW;AR;;;40;338.95
EWW;AR;;;50;375.89
EWW;AR;;;60;421.06
EWW;AR;;;70;466.22
EWW;AR;;;999999;6.13
EWW;AS;;;2;107.34
EWW;AS;;;3;126.43
EWW;AS;;;4;143.11
EWW;AS;;;5;159.8
EWW;AS;;;10;236.05
EWW;AS;;;15;261.31
EWW;AS;;;20;297.68
EWW;AS;;;30;354.91
EWW;AS;;;40;414.4
EWW;AS;;;50;462.4
EWW;AS;;;60;520.5
EWW;AS;;;70;578.58
EWW;AS;;;999999;7.58
EWW;AT;;;2;89.59
EWW;AT;;;3;106.93
EWW;AT;;;4;122.01
EWW;AT;;;5;137.07
EWW;AT;;;10;188.61
EWW;AT;;;15;203.55
EWW;AT;;;20;222.65
EWW;AT;;;30;261.9
EWW;AT;;;40;299.32
EWW;AT;;;50;325.6
EWW;AT;;;60;360.75
EWW;AT;;;70;394.27
EWW;AT;;;999999;5.18
EWW;AU;;;2;96.37
EWW;AU;;;3;115.84
EWW;AU;;;4;133.25
EWW;AU;;;5;150.65
EWW;AU;;;10;198.26
EWW;AU;;;15;226.36
EWW;AU;;;20;262.88
EWW;AU;;;30;313.55
EWW;AU;;;40;359.03
EWW;AU;;;50;397.89
EWW;AU;;;60;445.47
EWW;AU;;;70;493.04
EWW;AU;;;999999;6.46
EWW;AW;;;2;107.34
EWW;AW;;;3;126.43
EWW;AW;;;4;143.11
EWW;AW;;;5;159.8
EWW;AW;;;10;236.05
EWW;AW;;;15;261.31
EWW;AW;;;20;297.68
EWW;AW;;;30;354.91
EWW;AW;;;40;414.4
EWW;AW;;;50;462.4
EWW;AW;;;60;520.5
EWW;AW;;;70;578.58
EWW;AW;;;999999;7.58
EWW;AZ;;;2;107.34
EWW;AZ;;;3;126.43
EWW;AZ;;;4;143.11
EWW;AZ;;;5;159.8
EWW;AZ;;;10;236.05
EWW;AZ;;;15;261.31
EWW;AZ;;;20;297.68
EWW;AZ;;;30;354.91
EWW;AZ;;;40;414.4
EWW;AZ;;;50;462.4
EWW;AZ;;;60;520.5
EWW;AZ;;;70;578.58
EWW;AZ;;;999999;7.58
EWW;BA;;;2;97.44
EWW;BA;;;3;117.3
EWW;BA;;;4;133.67
EWW;BA;;;5;150.01
EWW;BA;;;10;201.2
EWW;BA;;;15;217.98
EWW;BA;;;20;238.84
EWW;BA;;;30;280.64
EWW;BA;;;40;321.71
EWW;BA;;;50;349.26
EWW;BA;;;60;394.5
EWW;BA;;;70;431.7
EWW;BA;;;999999;5.66
EWW;BB;;;2;107.34
EWW;BB;;;3;126.43
EWW;BB;;;4;143.11
EWW;BB;;;5;159.8
EWW;BB;;;10;236.05
EWW;BB;;;15;261.31
EWW;BB;;;20;297.68
EWW;BB;;;30;354.91
EWW;BB;;;40;414.4
EWW;BB;;;50;462.4
EWW;BB;;;60;520.5
EWW;BB;;;70;578.58
EWW;BB;;;999999;7.58
EWW;BD;;;2;107.34
EWW;BD;;;3;126.43
EWW;BD;;;4;143.11
EWW;BD;;;5;159.8
EWW;BD;;;10;236.05
EWW;BD;;;15;261.31
EWW;BD;;;20;297.68
EWW;BD;;;30;354.91
EWW;BD;;;40;414.4
EWW;BD;;;50;462.4
EWW;BD;;;60;520.5
EWW;BD;;;70;578.58
EWW;BD;;;999999;7.58
EWW;BE;;;2;63.09
EWW;BE;;;3;81.81
EWW;BE;;;4;98.24
EWW;BE;;;5;114.66
EWW;BE;;;10;152.62
EWW;BE;;;15;167.78
EWW;BE;;;20;192.04
EWW;BE;;;30;225.2
EWW;BE;;;40;262.94
EWW;BE;;;50;291.51
EWW;BE;;;60;324.9
EWW;BE;;;70;358.27
EWW;BE;;;999999;4.72
EWW;BF;;;2;107.34
EWW;BF;;;3;126.43
EWW;BF;;;4;143.11
EWW;BF;;;5;159.8
EWW;BF;;;10;236.05
EWW;BF;;;15;261.31
EWW;BF;;;20;297.68
EWW;BF;;;30;354.91
EWW;BF;;;40;414.4
EWW;BF;;;50;462.4
EWW;BF;;;60;520.5
EWW;BF;;;70;578.58
EWW;BF;;;999999;7.58
EWW;BG;;;2;66.11
EWW;BG;;;3;84.08
EWW;BG;;;4;99.62
EWW;BG;;;5;115.21
EWW;BG;;;10;148.01
EWW;BG;;;15;160.96
EWW;BG;;;20;181.04
EWW;BG;;;30;213
EWW;BG;;;40;243.43
EWW;BG;;;50;267.22
EWW;BG;;;60;296.91
EWW;BG;;;70;326.59
EWW;BG;;;999999;4.29
EWW;BH;;;2;96.37
EWW;BH;;;3;115.84
EWW;BH;;;4;133.25
EWW;BH;;;5;150.65
EWW;BH;;;10;198.26
EWW;BH;;;15;226.36
EWW;BH;;;20;262.88
EWW;BH;;;30;313.55
EWW;BH;;;40;359.03
EWW;BH;;;50;397.89
EWW;BH;;;60;445.47
EWW;BH;;;70;493.04
EWW;BH;;;999999;6.46
EWW;BI;;;2;107.34
EWW;BI;;;3;126.43
EWW;BI;;;4;143.11
EWW;BI;;;5;159.8
EWW;BI;;;10;236.05
EWW;BI;;;15;261.31
EWW;BI;;;20;297.68
EWW;BI;;;30;354.91
EWW;BI;;;40;414.4
EWW;BI;;;50;462.4
EWW;BI;;;60;520.5
EWW;BI;;;70;578.58
EWW;BI;;;999999;7.58
EWW;BJ;;;2;107.34
EWW;BJ;;;3;126.43
EWW;BJ;;;4;143.11
EWW;BJ;;;5;159.8
EWW;BJ;;;10;236.05
EWW;BJ;;;15;261.31
EWW;BJ;;;20;297.68
EWW;BJ;;;30;354.91
EWW;BJ;;;40;414.4
EWW;BJ;;;50;462.4
EWW;BJ;;;60;520.5
EWW;BJ;;;70;578.58
EWW;BJ;;;999999;7.58
EWW;BM;;;2;107.34
EWW;BM;;;3;126.43
EWW;BM;;;4;143.11
EWW;BM;;;5;159.8
EWW;BM;;;10;236.05
EWW;BM;;;15;261.31
EWW;BM;;;20;297.68
EWW;BM;;;30;354.91
EWW;BM;;;40;414.4
EWW;BM;;;50;462.4
EWW;BM;;;60;520.5
EWW;BM;;;70;578.58
EWW;BM;;;999999;7.58
EWW;BN;;;2;107.34
EWW;BN;;;3;126.43
EWW;BN;;;4;143.11
EWW;BN;;;5;159.8
EWW;BN;;;10;236.05
EWW;BN;;;15;261.31
EWW;BN;;;20;297.68
EWW;BN;;;30;354.91
EWW;BN;;;40;414.4
EWW;BN;;;50;462.4
EWW;BN;;;60;520.5
EWW;BN;;;70;578.58
EWW;BN;;;999999;7.58
EWW;BO;;;2;87.86
EWW;BO;;;3;106.71
EWW;BO;;;4;122.96
EWW;BO;;;5;139.15
EWW;BO;;;10;191
EWW;BO;;;15;214.93
EWW;BO;;;20;248.17
EWW;BO;;;30;292.84
EWW;BO;;;40;338.95
EWW;BO;;;50;375.89
EWW;BO;;;60;421.06
EWW;BO;;;70;466.22
EWW;BO;;;999999;6.13
EWW;BR;;;2;87.86
EWW;BR;;;3;106.71
EWW;BR;;;4;122.96
EWW;BR;;;5;139.15
EWW;BR;;;10;191
EWW;BR;;;15;214.93
EWW;BR;;;20;248.17
EWW;BR;;;30;292.84
EWW;BR;;;40;338.95
EWW;BR;;;50;375.89
EWW;BR;;;60;421.06
EWW;BR;;;70;466.22
EWW;BR;;;999999;6.13
EWW;BS;;;2;107.34
EWW;BS;;;3;126.43
EWW;BS;;;4;143.11
EWW;BS;;;5;159.8
EWW;BS;;;10;236.05
EWW;BS;;;15;261.31
EWW;BS;;;20;297.68
EWW;BS;;;30;354.91
EWW;BS;;;40;414.4
EWW;BS;;;50;462.4
EWW;BS;;;60;520.5
EWW;BS;;;70;578.58
EWW;BS;;;999999;7.58
EWW;BT;;;2;107.34
EWW;BT;;;3;126.43
EWW;BT;;;4;143.11
EWW;BT;;;5;159.8
EWW;BT;;;10;236.05
EWW;BT;;;15;261.31
EWW;BT;;;20;297.68
EWW;BT;;;30;354.91
EWW;BT;;;40;414.4
EWW;BT;;;50;462.4
EWW;BT;;;60;520.5
EWW;BT;;;70;578.58
EWW;BT;;;999999;7.58
EWW;BW;;;2;107.34
EWW;BW;;;3;126.43
EWW;BW;;;4;143.11
EWW;BW;;;5;159.8
EWW;BW;;;10;236.05
EWW;BW;;;15;261.31
EWW;BW;;;20;297.68
EWW;BW;;;30;354.91
EWW;BW;;;40;414.4
EWW;BW;;;50;462.4
EWW;BW;;;60;520.5
EWW;BW;;;70;578.58
EWW;BW;;;999999;7.58
EWW;BY;;;2;97.44
EWW;BY;;;3;117.3
EWW;BY;;;4;133.67
EWW;BY;;;5;150.01
EWW;BY;;;10;201.2
EWW;BY;;;15;217.98
EWW;BY;;;20;238.84
EWW;BY;;;30;280.64
EWW;BY;;;40;321.71
EWW;BY;;;50;349.26
EWW;BY;;;60;394.5
EWW;BY;;;70;431.7
EWW;BY;;;999999;5.66
EWW;BZ;;;2;87.86
EWW;BZ;;;3;106.71
EWW;BZ;;;4;122.96
EWW;BZ;;;5;139.15
EWW;BZ;;;10;191
EWW;BZ;;;15;214.93
EWW;BZ;;;20;248.17
EWW;BZ;;;30;292.84
EWW;BZ;;;40;338.95
EWW;BZ;;;50;375.89
EWW;BZ;;;60;421.06
EWW;BZ;;;70;466.22
EWW;BZ;;;999999;6.13
EWW;CA;;;2;72.71
EWW;CA;;;3;93.6
EWW;CA;;;4;109.68
EWW;CA;;;5;125.78
EWW;CA;;;10;160.59
EWW;CA;;;15;170.64
EWW;CA;;;20;188.57
EWW;CA;;;30;220.51
EWW;CA;;;40;252.13
EWW;CA;;;50;276.88
EWW;CA;;;60;307.68
EWW;CA;;;70;338.53
EWW;CA;;;999999;4.45
EWW;CC;;;2;55.59
EWW;CC;;;3;72.85
EWW;CC;;;4;87.69
EWW;CC;;;5;102.48
EWW;CC;;;10;124.72
EWW;CC;;;15;133.06
EWW;CC;;;20;148.26
EWW;CC;;;30;172.62
EWW;CC;;;40;197.87
EWW;CC;;;50;216.77
EWW;CC;;;60;240.48
EWW;CC;;;70;264.16
EWW;CC;;;999999;3.47
EWW;CD;;;2;107.34
EWW;CD;;;3;126.43
EWW;CD;;;4;143.11
EWW;CD;;;5;159.8
EWW;CD;;;10;236.05
EWW;CD;;;15;261.31
EWW;CD;;;20;297.68
EWW;CD;;;30;354.91
EWW;CD;;;40;414.4
EWW;CD;;;50;462.4
EWW;CD;;;60;520.5
EWW;CD;;;70;578.58
EWW;CD;;;999999;7.58
EWW;CF;;;2;96.37
EWW;CF;;;3;115.84
EWW;CF;;;4;133.25
EWW;CF;;;5;150.65
EWW;CF;;;10;198.26
EWW;CF;;;15;226.36
EWW;CF;;;20;262.88
EWW;CF;;;30;313.55
EWW;CF;;;40;359.03
EWW;CF;;;50;397.89
EWW;CF;;;60;445.47
EWW;CF;;;70;493.04
EWW;CF;;;999999;6.46
EWW;CG;;;2;107.34
EWW;CG;;;3;126.43
EWW;CG;;;4;143.11
EWW;CG;;;5;159.8
EWW;CG;;;10;236.05
EWW;CG;;;15;261.31
EWW;CG;;;20;297.68
EWW;CG;;;30;354.91
EWW;CG;;;40;414.4
EWW;CG;;;50;462.4
EWW;CG;;;60;520.5
EWW;CG;;;70;578.58
EWW;CG;;;999999;7.58
EWW;CH;;;2;90.44
EWW;CH;;;3;107.41
EWW;CH;;;4;122.47
EWW;CH;;;5;137.55
EWW;CH;;;10;189.29
EWW;CH;;;15;204.14
EWW;CH;;;20;223.24
EWW;CH;;;30;262.41
EWW;CH;;;40;301.84
EWW;CH;;;50;328.26
EWW;CH;;;60;361.98
EWW;CH;;;70;395.71
EWW;CH;;;999999;5.2
EWW;CI;;;2;107.34
EWW;CI;;;3;126.43
EWW;CI;;;4;143.11
EWW;CI;;;5;159.8
EWW;CI;;;10;236.05
EWW;CI;;;15;261.31
EWW;CI;;;20;297.68
EWW;CI;;;30;354.91
EWW;CI;;;40;414.4
EWW;CI;;;50;462.4
EWW;CI;;;60;520.5
EWW;CI;;;70;578.58
EWW;CI;;;999999;7.58
EWW;CK;;;2;107.34
EWW;CK;;;3;126.43
EWW;CK;;;4;143.11
EWW;CK;;;5;159.8
EWW;CK;;;10;236.05
EWW;CK;;;15;261.31
EWW;CK;;;20;297.68
EWW;CK;;;30;354.91
EWW;CK;;;40;414.4
EWW;CK;;;50;462.4
EWW;CK;;;60;520.5
EWW;CK;;;70;578.58
EWW;CK;;;999999;7.58
EWW;CL;;;2;87.86
EWW;CL;;;3;106.71
EWW;CL;;;4;122.96
EWW;CL;;;5;139.15
EWW;CL;;;10;191
EWW;CL;;;15;214.93
EWW;CL;;;20;248.17
EWW;CL;;;30;292.84
EWW;CL;;;40;338.95
EWW;CL;;;50;375.89
EWW;CL;;;60;421.06
EWW;CL;;;70;466.22
EWW;CL;;;999999;6.13
EWW;CM;;;2;107.34
EWW;CM;;;3;126.43
EWW;CM;;;4;143.11
EWW;CM;;;5;159.8
EWW;CM;;;10;236.05
EWW;CM;;;15;261.31
EWW;CM;;;20;297.68
EWW;CM;;;30;354.91
EWW;CM;;;40;414.4
EWW;CM;;;50;462.4
EWW;CM;;;60;520.5
EWW;CM;;;70;578.58
EWW;CM;;;999999;7.58
EWW;CN;;;2;96.37
EWW;CN;;;3;115.84
EWW;CN;;;4;133.25
EWW;CN;;;5;150.65
EWW;CN;;;10;198.26
EWW;CN;;;15;226.36
EWW;CN;;;20;262.88
EWW;CN;;;30;313.55
EWW;CN;;;40;359.03
EWW;CN;;;50;397.89
EWW;CN;;;60;445.47
EWW;CN;;;70;493.04
EWW;CN;;;999999;6.46
EWW;CO;;;2;87.86
EWW;CO;;;3;106.71
EWW;CO;;;4;122.96
EWW;CO;;;5;139.15
EWW;CO;;;10;191
EWW;CO;;;15;214.93
EWW;CO;;;20;248.17
EWW;CO;;;30;292.84
EWW;CO;;;40;338.95
EWW;CO;;;50;375.89
EWW;CO;;;60;421.06
EWW;CO;;;70;466.22
EWW;CO;;;999999;6.13
EWW;CR;;;2;87.86
EWW;CR;;;3;106.71
EWW;CR;;;4;122.96
EWW;CR;;;5;139.15
EWW;CR;;;10;191
EWW;CR;;;15;214.93
EWW;CR;;;20;248.17
EWW;CR;;;30;292.84
EWW;CR;;;40;338.95
EWW;CR;;;50;375.89
EWW;CR;;;60;421.06
EWW;CR;;;70;466.22
EWW;CR;;;999999;6.13
EWW;CS;;;2;97.44
EWW;CS;;;3;117.3
EWW;CS;;;4;133.67
EWW;CS;;;5;150.01
EWW;CS;;;10;201.2
EWW;CS;;;15;217.98
EWW;CS;;;20;238.84
EWW;CS;;;30;280.64
EWW;CS;;;40;321.71
EWW;CS;;;50;349.26
EWW;CS;;;60;394.5
EWW;CS;;;70;431.7
EWW;CS;;;999999;5.66
EWW;CU;;;2;107.34
EWW;CU;;;3;126.43
EWW;CU;;;4;143.11
EWW;CU;;;5;159.8
EWW;CU;;;10;236.05
EWW;CU;;;15;261.31
EWW;CU;;;20;297.68
EWW;CU;;;30;354.91
EWW;CU;;;40;414.4
EWW;CU;;;50;462.4
EWW;CU;;;60;520.5
EWW;CU;;;70;578.58
EWW;CU;;;999999;7.58
EWW;CV;;;2;107.34
EWW;CV;;;3;126.43
EWW;CV;;;4;143.11
EWW;CV;;;5;159.8
EWW;CV;;;10;236.05
EWW;CV;;;15;261.31
EWW;CV;;;20;297.68
EWW;CV;;;30;354.91
EWW;CV;;;40;414.4
EWW;CV;;;50;462.4
EWW;CV;;;60;520.5
EWW;CV;;;70;578.58
EWW;CV;;;999999;7.58
EWW;CY;;;2;66.11
EWW;CY;;;3;84.08
EWW;CY;;;4;99.62
EWW;CY;;;5;115.21
EWW;CY;;;10;148.01
EWW;CY;;;15;160.96
EWW;CY;;;20;181.04
EWW;CY;;;30;213
EWW;CY;;;40;243.43
EWW;CY;;;50;267.22
EWW;CY;;;60;296.91
EWW;CY;;;70;326.59
EWW;CY;;;999999;4.29
EWW;CZ;;;2;66.11
EWW;CZ;;;3;84.08
EWW;CZ;;;4;99.62
EWW;CZ;;;5;115.21
EWW;CZ;;;10;148.01
EWW;CZ;;;15;160.96
EWW;CZ;;;20;181.04
EWW;CZ;;;30;213
EWW;CZ;;;40;243.43
EWW;CZ;;;50;267.22
EWW;CZ;;;60;296.91
EWW;CZ;;;70;326.59
EWW;CZ;;;999999;4.29
EWW;DE;;;2;63.09
EWW;DE;;;3;81.81
EWW;DE;;;4;98.24
EWW;DE;;;5;114.66
EWW;DE;;;10;152.62
EWW;DE;;;15;167.78
EWW;DE;;;20;192.04
EWW;DE;;;30;225.2
EWW;DE;;;40;262.94
EWW;DE;;;50;291.51
EWW;DE;;;60;324.9
EWW;DE;;;70;358.27
EWW;DE;;;999999;4.72
EWW;DJ;;;2;107.34
EWW;DJ;;;3;126.43
EWW;DJ;;;4;143.11
EWW;DJ;;;5;159.8
EWW;DJ;;;10;236.05
EWW;DJ;;;15;261.31
EWW;DJ;;;20;297.68
EWW;DJ;;;30;354.91
EWW;DJ;;;40;414.4
EWW;DJ;;;50;462.4
EWW;DJ;;;60;520.5
EWW;DJ;;;70;578.58
EWW;DJ;;;999999;7.58
EWW;DK;;;2;89.59
EWW;DK;;;3;106.93
EWW;DK;;;4;122.01
EWW;DK;;;5;137.07
EWW;DK;;;10;188.61
EWW;DK;;;15;203.55
EWW;DK;;;20;222.65
EWW;DK;;;30;261.9
EWW;DK;;;40;299.32
EWW;DK;;;50;325.6
EWW;DK;;;60;360.75
EWW;DK;;;70;394.27
EWW;DK;;;999999;5.18
EWW;DM;;;2;107.34
EWW;DM;;;3;126.43
EWW;DM;;;4;143.11
EWW;DM;;;5;159.8
EWW;DM;;;10;236.05
EWW;DM;;;15;261.31
EWW;DM;;;20;297.68
EWW;DM;;;30;354.91
EWW;DM;;;40;414.4
EWW;DM;;;50;462.4
EWW;DM;;;60;520.5
EWW;DM;;;70;578.58
EWW;DM;;;999999;7.58
EWW;DO;;;2;87.86
EWW;DO;;;3;106.71
EWW;DO;;;4;122.96
EWW;DO;;;5;139.15
EWW;DO;;;10;191
EWW;DO;;;15;214.93
EWW;DO;;;20;248.17
EWW;DO;;;30;292.84
EWW;DO;;;40;338.95
EWW;DO;;;50;375.89
EWW;DO;;;60;421.06
EWW;DO;;;70;466.22
EWW;DO;;;999999;6.13
EWW;DZ;;;2;87.86
EWW;DZ;;;3;106.71
EWW;DZ;;;4;122.96
EWW;DZ;;;5;139.15
EWW;DZ;;;10;191
EWW;DZ;;;15;214.93
EWW;DZ;;;20;248.17
EWW;DZ;;;30;292.84
EWW;DZ;;;40;338.95
EWW;DZ;;;50;375.89
EWW;DZ;;;60;421.06
EWW;DZ;;;70;466.22
EWW;DZ;;;999999;6.13
EWW;EC;;;2;87.86
EWW;EC;;;3;106.71
EWW;EC;;;4;122.96
EWW;EC;;;5;139.15
EWW;EC;;;10;191
EWW;EC;;;15;214.93
EWW;EC;;;20;248.17
EWW;EC;;;30;292.84
EWW;EC;;;40;338.95
EWW;EC;;;50;375.89
EWW;EC;;;60;421.06
EWW;EC;;;70;466.22
EWW;EC;;;999999;6.13
EWW;EE;;;2;66.11
EWW;EE;;;3;84.08
EWW;EE;;;4;99.62
EWW;EE;;;5;115.21
EWW;EE;;;10;148.01
EWW;EE;;;15;160.96
EWW;EE;;;20;181.04
EWW;EE;;;30;213
EWW;EE;;;40;243.43
EWW;EE;;;50;267.22
EWW;EE;;;60;296.91
EWW;EE;;;70;326.59
EWW;EE;;;999999;4.29
EWW;EG;;;2;87.86
EWW;EG;;;3;106.71
EWW;EG;;;4;122.96
EWW;EG;;;5;139.15
EWW;EG;;;10;191
EWW;EG;;;15;214.93
EWW;EG;;;20;248.17
EWW;EG;;;30;292.84
EWW;EG;;;40;338.95
EWW;EG;;;50;375.89
EWW;EG;;;60;421.06
EWW;EG;;;70;466.22
EWW;EG;;;999999;6.13
EWW;ER;;;2;107.34
EWW;ER;;;3;126.43
EWW;ER;;;4;143.11
EWW;ER;;;5;159.8
EWW;ER;;;10;236.05
EWW;ER;;;15;261.31
EWW;ER;;;20;297.68
EWW;ER;;;30;354.91
EWW;ER;;;40;414.4
EWW;ER;;;50;462.4
EWW;ER;;;60;520.5
EWW;ER;;;70;578.58
EWW;ER;;;999999;7.58
EWW;ET;;;2;107.34
EWW;ET;;;3;126.43
EWW;ET;;;4;143.11
EWW;ET;;;5;159.8
EWW;ET;;;10;236.05
EWW;ET;;;15;261.31
EWW;ET;;;20;297.68
EWW;ET;;;30;354.91
EWW;ET;;;40;414.4
EWW;ET;;;50;462.4
EWW;ET;;;60;520.5
EWW;ET;;;70;578.58
EWW;ET;;;999999;7.58
EWW;FI;;;2;89.59
EWW;FI;;;3;106.93
EWW;FI;;;4;122.01
EWW;FI;;;5;137.07
EWW;FI;;;10;188.61
EWW;FI;;;15;203.55
EWW;FI;;;20;222.65
EWW;FI;;;30;261.9
EWW;FI;;;40;299.32
EWW;FI;;;50;325.6
EWW;FI;;;60;360.75
EWW;FI;;;70;394.27
EWW;FI;;;999999;5.18
EWW;FJ;;;2;107.34
EWW;FJ;;;3;126.43
EWW;FJ;;;4;143.11
EWW;FJ;;;5;159.8
EWW;FJ;;;10;236.05
EWW;FJ;;;15;261.31
EWW;FJ;;;20;297.68
EWW;FJ;;;30;354.91
EWW;FJ;;;40;414.4
EWW;FJ;;;50;462.4
EWW;FJ;;;60;520.5
EWW;FJ;;;70;578.58
EWW;FJ;;;999999;7.58
EWW;FK;;;2;107.34
EWW;FK;;;3;126.43
EWW;FK;;;4;143.11
EWW;FK;;;5;159.8
EWW;FK;;;10;236.05
EWW;FK;;;15;261.31
EWW;FK;;;20;297.68
EWW;FK;;;30;354.91
EWW;FK;;;40;414.4
EWW;FK;;;50;462.4
EWW;FK;;;60;520.5
EWW;FK;;;70;578.58
EWW;FK;;;999999;7.58
EWW;FM;;;2;107.34
EWW;FM;;;3;126.43
EWW;FM;;;4;143.11
EWW;FM;;;5;159.8
EWW;FM;;;10;236.05
EWW;FM;;;15;261.31
EWW;FM;;;20;297.68
EWW;FM;;;30;354.91
EWW;FM;;;40;414.4
EWW;FM;;;50;462.4
EWW;FM;;;60;520.5
EWW;FM;;;70;578.58
EWW;FM;;;999999;7.58
EWW;FO;;;2;97.44
EWW;FO;;;3;117.3
EWW;FO;;;4;133.67
EWW;FO;;;5;150.01
EWW;FO;;;10;201.2
EWW;FO;;;15;217.98
EWW;FO;;;20;238.84
EWW;FO;;;30;280.64
EWW;FO;;;40;321.71
EWW;FO;;;50;349.26
EWW;FO;;;60;394.5
EWW;FO;;;70;431.7
EWW;FO;;;999999;5.66
EWW;FR;;;2;55.59
EWW;FR;;;3;72.85
EWW;FR;;;4;87.69
EWW;FR;;;5;102.48
EWW;FR;;;10;124.72
EWW;FR;;;15;133.06
EWW;FR;;;20;148.26
EWW;FR;;;30;172.62
EWW;FR;;;40;197.87
EWW;FR;;;50;216.77
EWW;FR;;;60;240.48
EWW;FR;;;70;264.16
EWW;FR;;;999999;3.47
EWW;GA;;;2;107.34
EWW;GA;;;3;126.43
EWW;GA;;;4;143.11
EWW;GA;;;5;159.8
EWW;GA;;;10;236.05
EWW;GA;;;15;261.31
EWW;GA;;;20;297.68
EWW;GA;;;30;354.91
EWW;GA;;;40;414.4
EWW;GA;;;50;462.4
EWW;GA;;;60;520.5
EWW;GA;;;70;578.58
EWW;GA;;;999999;7.58
EWW;GB;;;2;63.09
EWW;GB;;;3;81.81
EWW;GB;;;4;98.24
EWW;GB;;;5;114.66
EWW;GB;;;10;152.62
EWW;GB;;;15;167.78
EWW;GB;;;20;192.04
EWW;GB;;;30;225.2
EWW;GB;;;40;262.94
EWW;GB;;;50;291.51
EWW;GB;;;60;324.9
EWW;GB;;;70;358.27
EWW;GB;;;999999;4.72
EWW;GD;;;2;107.34
EWW;GD;;;3;126.43
EWW;GD;;;4;143.11
EWW;GD;;;5;159.8
EWW;GD;;;10;236.05
EWW;GD;;;15;261.31
EWW;GD;;;20;297.68
EWW;GD;;;30;354.91
EWW;GD;;;40;414.4
EWW;GD;;;50;462.4
EWW;GD;;;60;520.5
EWW;GD;;;70;578.58
EWW;GD;;;999999;7.58
EWW;GE;;;2;107.34
EWW;GE;;;3;126.43
EWW;GE;;;4;143.11
EWW;GE;;;5;159.8
EWW;GE;;;10;236.05
EWW;GE;;;15;261.31
EWW;GE;;;20;297.68
EWW;GE;;;30;354.91
EWW;GE;;;40;414.4
EWW;GE;;;50;462.4
EWW;GE;;;60;520.5
EWW;GE;;;70;578.58
EWW;GE;;;999999;7.58
EWW;GF;;;2;107.34
EWW;GF;;;3;126.43
EWW;GF;;;4;143.11
EWW;GF;;;5;159.8
EWW;GF;;;10;236.05
EWW;GF;;;15;261.31
EWW;GF;;;20;297.68
EWW;GF;;;30;354.91
EWW;GF;;;40;414.4
EWW;GF;;;50;462.4
EWW;GF;;;60;520.5
EWW;GF;;;70;578.58
EWW;GF;;;999999;7.58
EWW;GG;;;2;90.44
EWW;GG;;;3;107.41
EWW;GG;;;4;122.47
EWW;GG;;;5;137.55
EWW;GG;;;10;189.29
EWW;GG;;;15;204.14
EWW;GG;;;20;223.24
EWW;GG;;;30;262.41
EWW;GG;;;40;301.84
EWW;GG;;;50;328.26
EWW;GG;;;60;361.98
EWW;GG;;;70;395.71
EWW;GG;;;999999;5.2
EWW;GH;;;2;107.34
EWW;GH;;;3;126.43
EWW;GH;;;4;143.11
EWW;GH;;;5;159.8
EWW;GH;;;10;236.05
EWW;GH;;;15;261.31
EWW;GH;;;20;297.68
EWW;GH;;;30;354.91
EWW;GH;;;40;414.4
EWW;GH;;;50;462.4
EWW;GH;;;60;520.5
EWW;GH;;;70;578.58
EWW;GH;;;999999;7.58
EWW;GL;;;2;97.44
EWW;GL;;;3;117.3
EWW;GL;;;4;133.67
EWW;GL;;;5;150.01
EWW;GL;;;10;201.2
EWW;GL;;;15;217.98
EWW;GL;;;20;238.84
EWW;GL;;;30;280.64
EWW;GL;;;40;321.71
EWW;GL;;;50;349.26
EWW;GL;;;60;394.5
EWW;GL;;;70;431.7
EWW;GL;;;999999;5.66
EWW;GM;;;2;96.37
EWW;GM;;;3;115.84
EWW;GM;;;4;133.25
EWW;GM;;;5;150.65
EWW;GM;;;10;198.26
EWW;GM;;;15;226.36
EWW;GM;;;20;262.88
EWW;GM;;;30;313.55
EWW;GM;;;40;359.03
EWW;GM;;;50;397.89
EWW;GM;;;60;445.47
EWW;GM;;;70;493.04
EWW;GM;;;999999;6.46
EWW;GN;;;2;96.37
EWW;GN;;;3;115.84
EWW;GN;;;4;133.25
EWW;GN;;;5;150.65
EWW;GN;;;10;198.26
EWW;GN;;;15;226.36
EWW;GN;;;20;262.88
EWW;GN;;;30;313.55
EWW;GN;;;40;359.03
EWW;GN;;;50;397.89
EWW;GN;;;60;445.47
EWW;GN;;;70;493.04
EWW;GN;;;999999;6.46
EWW;GP;;;2;107.34
EWW;GP;;;3;126.43
EWW;GP;;;4;143.11
EWW;GP;;;5;159.8
EWW;GP;;;10;236.05
EWW;GP;;;15;261.31
EWW;GP;;;20;297.68
EWW;GP;;;30;354.91
EWW;GP;;;40;414.4
EWW;GP;;;50;462.4
EWW;GP;;;60;520.5
EWW;GP;;;70;578.58
EWW;GP;;;999999;7.58
EWW;GQ;;;2;87.86
EWW;GQ;;;3;106.71
EWW;GQ;;;4;122.96
EWW;GQ;;;5;139.15
EWW;GQ;;;10;191
EWW;GQ;;;15;214.93
EWW;GQ;;;20;248.17
EWW;GQ;;;30;292.84
EWW;GQ;;;40;338.95
EWW;GQ;;;50;375.89
EWW;GQ;;;60;421.06
EWW;GQ;;;70;466.22
EWW;GQ;;;999999;6.13
EWW;GR;;;2;89.59
EWW;GR;;;3;106.93
EWW;GR;;;4;122.01
EWW;GR;;;5;137.07
EWW;GR;;;10;188.61
EWW;GR;;;15;203.55
EWW;GR;;;20;222.65
EWW;GR;;;30;261.9
EWW;GR;;;40;299.32
EWW;GR;;;50;325.6
EWW;GR;;;60;360.75
EWW;GR;;;70;394.27
EWW;GR;;;999999;5.18
EWW;GT;;;2;87.86
EWW;GT;;;3;106.71
EWW;GT;;;4;122.96
EWW;GT;;;5;139.15
EWW;GT;;;10;191
EWW;GT;;;15;214.93
EWW;GT;;;20;248.17
EWW;GT;;;30;292.84
EWW;GT;;;40;338.95
EWW;GT;;;50;375.89
EWW;GT;;;60;421.06
EWW;GT;;;70;466.22
EWW;GT;;;999999;6.13
EWW;GU;;;2;107.34
EWW;GU;;;3;126.43
EWW;GU;;;4;143.11
EWW;GU;;;5;159.8
EWW;GU;;;10;236.05
EWW;GU;;;15;261.31
EWW;GU;;;20;297.68
EWW;GU;;;30;354.91
EWW;GU;;;40;414.4
EWW;GU;;;50;462.4
EWW;GU;;;60;520.5
EWW;GU;;;70;578.58
EWW;GU;;;999999;7.58
EWW;GW;;;2;107.34
EWW;GW;;;3;126.43
EWW;GW;;;4;143.11
EWW;GW;;;5;159.8
EWW;GW;;;10;236.05
EWW;GW;;;15;261.31
EWW;GW;;;20;297.68
EWW;GW;;;30;354.91
EWW;GW;;;40;414.4
EWW;GW;;;50;462.4
EWW;GW;;;60;520.5
EWW;GW;;;70;578.58
EWW;GW;;;999999;7.58
EWW;GY;;;2;107.34
EWW;GY;;;3;126.43
EWW;GY;;;4;143.11
EWW;GY;;;5;159.8
EWW;GY;;;10;236.05
EWW;GY;;;15;261.31
EWW;GY;;;20;297.68
EWW;GY;;;30;354.91
EWW;GY;;;40;414.4
EWW;GY;;;50;462.4
EWW;GY;;;60;520.5
EWW;GY;;;70;578.58
EWW;GY;;;999999;7.58
EWW;HK;;;2;7.58
EWW;HK;;;3;106.71
EWW;HK;;;4;122.96
EWW;HK;;;5;139.15
EWW;HK;;;10;191
EWW;HK;;;15;214.93
EWW;HK;;;20;248.17
EWW;HK;;;30;292.84
EWW;HK;;;40;338.95
EWW;HK;;;50;375.89
EWW;HK;;;60;421.06
EWW;HK;;;70;466.22
EWW;HK;;;999999;6.13
EWW;HN;;;2;87.86
EWW;HN;;;3;106.71
EWW;HN;;;4;122.96
EWW;HN;;;5;139.15
EWW;HN;;;10;191
EWW;HN;;;15;214.93
EWW;HN;;;20;248.17
EWW;HN;;;30;292.84
EWW;HN;;;40;338.95
EWW;HN;;;50;375.89
EWW;HN;;;60;421.06
EWW;HN;;;70;466.22
EWW;HN;;;999999;6.13
EWW;HR;;;2;97.44
EWW;HR;;;3;117.3
EWW;HR;;;4;133.67
EWW;HR;;;5;150.01
EWW;HR;;;10;201.2
EWW;HR;;;15;217.98
EWW;HR;;;20;238.84
EWW;HR;;;30;280.64
EWW;HR;;;40;321.71
EWW;HR;;;50;349.26
EWW;HR;;;60;394.5
EWW;HR;;;70;431.7
EWW;HR;;;999999;5.66
EWW;HT;;;2;87.86
EWW;HT;;;3;106.71
EWW;HT;;;4;122.96
EWW;HT;;;5;139.15
EWW;HT;;;10;191
EWW;HT;;;15;214.93
EWW;HT;;;20;248.17
EWW;HT;;;30;292.84
EWW;HT;;;40;338.95
EWW;HT;;;50;375.89
EWW;HT;;;60;421.06
EWW;HT;;;70;466.22
EWW;HT;;;999999;6.13
EWW;HU;;;2;66.11
EWW;HU;;;3;84.08
EWW;HU;;;4;99.62
EWW;HU;;;5;115.21
EWW;HU;;;10;148.01
EWW;HU;;;15;160.96
EWW;HU;;;20;181.04
EWW;HU;;;30;213
EWW;HU;;;40;243.43
EWW;HU;;;50;267.22
EWW;HU;;;60;296.91
EWW;HU;;;70;326.59
EWW;HU;;;999999;4.29
EWW;ID;;;2;96.37
EWW;ID;;;3;115.84
EWW;ID;;;4;133.25
EWW;ID;;;5;150.65
EWW;ID;;;10;198.26
EWW;ID;;;15;226.36
EWW;ID;;;20;262.88
EWW;ID;;;30;313.55
EWW;ID;;;40;359.03
EWW;ID;;;50;397.89
EWW;ID;;;60;445.47
EWW;ID;;;70;493.04
EWW;ID;;;999999;6.46
EWW;IE;;;2;89.59
EWW;IE;;;3;106.93
EWW;IE;;;4;122.01
EWW;IE;;;5;137.07
EWW;IE;;;10;188.61
EWW;IE;;;15;203.55
EWW;IE;;;20;222.65
EWW;IE;;;30;261.9
EWW;IE;;;40;299.32
EWW;IE;;;50;325.6
EWW;IE;;;60;360.75
EWW;IE;;;70;394.27
EWW;IE;;;999999;5.18
EWW;IL;;;2;87.86
EWW;IL;;;3;106.71
EWW;IL;;;4;122.96
EWW;IL;;;5;139.15
EWW;IL;;;10;191
EWW;IL;;;15;214.93
EWW;IL;;;20;248.17
EWW;IL;;;30;292.84
EWW;IL;;;40;338.95
EWW;IL;;;50;375.89
EWW;IL;;;60;421.06
EWW;IL;;;70;466.22
EWW;IL;;;999999;6.13
EWW;IN;;;2;96.37
EWW;IN;;;3;115.84
EWW;IN;;;4;133.25
EWW;IN;;;5;150.65
EWW;IN;;;10;198.26
EWW;IN;;;15;226.36
EWW;IN;;;20;262.88
EWW;IN;;;30;313.55
EWW;IN;;;40;359.03
EWW;IN;;;50;397.89
EWW;IN;;;60;445.47
EWW;IN;;;70;493.04
EWW;IN;;;999999;6.46
EWW;IQ;;;2;96.37
EWW;IQ;;;3;115.84
EWW;IQ;;;4;133.25
EWW;IQ;;;5;150.65
EWW;IQ;;;10;198.26
EWW;IQ;;;15;226.36
EWW;IQ;;;20;262.88
EWW;IQ;;;30;313.55
EWW;IQ;;;40;359.03
EWW;IQ;;;50;397.89
EWW;IQ;;;60;445.47
EWW;IQ;;;70;493.04
EWW;IQ;;;999999;6.46
EWW;IR;;;2;107.34
EWW;IR;;;3;126.43
EWW;IR;;;4;143.11
EWW;IR;;;5;159.8
EWW;IR;;;10;236.05
EWW;IR;;;15;261.31
EWW;IR;;;20;297.68
EWW;IR;;;30;354.91
EWW;IR;;;40;414.4
EWW;IR;;;50;462.4
EWW;IR;;;60;520.5
EWW;IR;;;70;578.58
EWW;IR;;;999999;7.58
EWW;IS;;;2;97.44
EWW;IS;;;3;117.3
EWW;IS;;;4;133.67
EWW;IS;;;5;150.01
EWW;IS;;;10;201.2
EWW;IS;;;15;217.98
EWW;IS;;;20;238.84
EWW;IS;;;30;280.64
EWW;IS;;;40;321.71
EWW;IS;;;50;349.26
EWW;IS;;;60;394.5
EWW;IS;;;70;431.7
EWW;IS;;;999999;5.66
EWW;IT;;;2;63.09
EWW;IT;;;3;81.81
EWW;IT;;;4;98.24
EWW;IT;;;5;114.66
EWW;IT;;;10;152.62
EWW;IT;;;15;167.78
EWW;IT;;;20;192.04
EWW;IT;;;30;225.2
EWW;IT;;;40;262.94
EWW;IT;;;50;291.51
EWW;IT;;;60;324.9
EWW;IT;;;70;358.27
EWW;IT;;;999999;4.72
EWW;JE;;;2;90.44
EWW;JE;;;3;107.41
EWW;JE;;;4;122.47
EWW;JE;;;5;137.55
EWW;JE;;;10;189.29
EWW;JE;;;15;204.14
EWW;JE;;;20;223.24
EWW;JE;;;30;262.41
EWW;JE;;;40;301.84
EWW;JE;;;50;328.26
EWW;JE;;;60;361.98
EWW;JE;;;70;395.71
EWW;JE;;;999999;5.2
EWW;JM;;;2;107.34
EWW;JM;;;3;126.43
EWW;JM;;;4;143.11
EWW;JM;;;5;159.8
EWW;JM;;;10;236.05
EWW;JM;;;15;261.31
EWW;JM;;;20;297.68
EWW;JM;;;30;354.91
EWW;JM;;;40;414.4
EWW;JM;;;50;462.4
EWW;JM;;;60;520.5
EWW;JM;;;70;578.58
EWW;JM;;;999999;7.58
EWW;JO;;;2;96.37
EWW;JO;;;3;115.84
EWW;JO;;;4;133.25
EWW;JO;;;5;150.65
EWW;JO;;;10;198.26
EWW;JO;;;15;226.36
EWW;JO;;;20;262.88
EWW;JO;;;30;313.55
EWW;JO;;;40;359.03
EWW;JO;;;50;397.89
EWW;JO;;;60;445.47
EWW;JO;;;70;493.04
EWW;JO;;;999999;6.46
EWW;JP;;;2;96.37
EWW;JP;;;3;115.84
EWW;JP;;;4;133.25
EWW;JP;;;5;150.65
EWW;JP;;;10;198.26
EWW;JP;;;15;226.36
EWW;JP;;;20;262.88
EWW;JP;;;30;313.55
EWW;JP;;;40;359.03
EWW;JP;;;50;397.89
EWW;JP;;;60;445.47
EWW;JP;;;70;493.04
EWW;JP;;;999999;6.46
EWW;KE;;;2;107.34
EWW;KE;;;3;126.43
EWW;KE;;;4;143.11
EWW;KE;;;5;159.8
EWW;KE;;;10;236.05
EWW;KE;;;15;261.31
EWW;KE;;;20;297.68
EWW;KE;;;30;354.91
EWW;KE;;;40;414.4
EWW;KE;;;50;462.4
EWW;KE;;;60;520.5
EWW;KE;;;70;578.58
EWW;KE;;;999999;7.58
EWW;KG;;;2;107.34
EWW;KG;;;3;126.43
EWW;KG;;;4;143.11
EWW;KG;;;5;159.8
EWW;KG;;;10;236.05
EWW;KG;;;15;261.31
EWW;KG;;;20;297.68
EWW;KG;;;30;354.91
EWW;KG;;;40;414.4
EWW;KG;;;50;462.4
EWW;KG;;;60;520.5
EWW;KG;;;70;578.58
EWW;KG;;;999999;7.58
EWW;KH;;;2;107.34
EWW;KH;;;3;126.43
EWW;KH;;;4;143.11
EWW;KH;;;5;159.8
EWW;KH;;;10;236.05
EWW;KH;;;15;261.31
EWW;KH;;;20;297.68
EWW;KH;;;30;354.91
EWW;KH;;;40;414.4
EWW;KH;;;50;462.4
EWW;KH;;;60;520.5
EWW;KH;;;70;578.58
EWW;KH;;;999999;7.58
EWW;KI;;;2;107.34
EWW;KI;;;3;126.43
EWW;KI;;;4;143.11
EWW;KI;;;5;159.8
EWW;KI;;;10;236.05
EWW;KI;;;15;261.31
EWW;KI;;;20;297.68
EWW;KI;;;30;354.91
EWW;KI;;;40;414.4
EWW;KI;;;50;462.4
EWW;KI;;;60;520.5
EWW;KI;;;70;578.58
EWW;KI;;;999999;7.58
EWW;KN;;;2;107.34
EWW;KN;;;3;126.43
EWW;KN;;;4;143.11
EWW;KN;;;5;159.8
EWW;KN;;;10;236.05
EWW;KN;;;15;261.31
EWW;KN;;;20;297.68
EWW;KN;;;30;354.91
EWW;KN;;;40;414.4
EWW;KN;;;50;462.4
EWW;KN;;;60;520.5
EWW;KN;;;70;578.58
EWW;KN;;;999999;7.58
EWW;KP;;;2;107.34
EWW;KP;;;3;126.43
EWW;KP;;;4;143.11
EWW;KP;;;5;159.8
EWW;KP;;;10;236.05
EWW;KP;;;15;261.31
EWW;KP;;;20;297.68
EWW;KP;;;30;354.91
EWW;KP;;;40;414.4
EWW;KP;;;50;462.4
EWW;KP;;;60;520.5
EWW;KP;;;70;578.58
EWW;KP;;;999999;7.58
EWW;KR;;;2;96.37
EWW;KR;;;3;115.84
EWW;KR;;;4;133.25
EWW;KR;;;5;150.65
EWW;KR;;;10;198.26
EWW;KR;;;15;226.36
EWW;KR;;;20;262.88
EWW;KR;;;30;313.55
EWW;KR;;;40;359.03
EWW;KR;;;50;397.89
EWW;KR;;;60;445.47
EWW;KR;;;70;493.04
EWW;KR;;;999999;6.46
EWW;KW;;;2;96.37
EWW;KW;;;3;115.84
EWW;KW;;;4;133.25
EWW;KW;;;5;150.65
EWW;KW;;;10;198.26
EWW;KW;;;15;226.36
EWW;KW;;;20;262.88
EWW;KW;;;30;313.55
EWW;KW;;;40;359.03
EWW;KW;;;50;397.89
EWW;KW;;;60;445.47
EWW;KW;;;70;493.04
EWW;KW;;;999999;6.46
EWW;KY;;;2;107.34
EWW;KY;;;3;126.43
EWW;KY;;;4;143.11
EWW;KY;;;5;159.8
EWW;KY;;;10;236.05
EWW;KY;;;15;261.31
EWW;KY;;;20;297.68
EWW;KY;;;30;354.91
EWW;KY;;;40;414.4
EWW;KY;;;50;462.4
EWW;KY;;;60;520.5
EWW;KY;;;70;578.58
EWW;KY;;;999999;7.58
EWW;KZ;;;2;107.34
EWW;KZ;;;3;126.43
EWW;KZ;;;4;143.11
EWW;KZ;;;5;159.8
EWW;KZ;;;10;236.05
EWW;KZ;;;15;261.31
EWW;KZ;;;20;297.68
EWW;KZ;;;30;354.91
EWW;KZ;;;40;414.4
EWW;KZ;;;50;462.4
EWW;KZ;;;60;520.5
EWW;KZ;;;70;578.58
EWW;KZ;;;999999;7.58
EWW;LA;;;2;107.34
EWW;LA;;;3;126.43
EWW;LA;;;4;143.11
EWW;LA;;;5;159.8
EWW;LA;;;10;236.05
EWW;LA;;;15;261.31
EWW;LA;;;20;297.68
EWW;LA;;;30;354.91
EWW;LA;;;40;414.4
EWW;LA;;;50;462.4
EWW;LA;;;60;520.5
EWW;LA;;;70;578.58
EWW;LA;;;999999;7.58
EWW;LB;;;2;107.34
EWW;LB;;;3;126.43
EWW;LB;;;4;143.11
EWW;LB;;;5;159.8
EWW;LB;;;10;236.05
EWW;LB;;;15;261.31
EWW;LB;;;20;297.68
EWW;LB;;;30;354.91
EWW;LB;;;40;414.4
EWW;LB;;;50;462.4
EWW;LB;;;60;520.5
EWW;LB;;;70;578.58
EWW;LB;;;999999;7.58
EWW;LC;;;2;107.34
EWW;LC;;;3;126.43
EWW;LC;;;4;143.11
EWW;LC;;;5;159.8
EWW;LC;;;10;236.05
EWW;LC;;;15;261.31
EWW;LC;;;20;297.68
EWW;LC;;;30;354.91
EWW;LC;;;40;414.4
EWW;LC;;;50;462.4
EWW;LC;;;60;520.5
EWW;LC;;;70;578.58
EWW;LC;;;999999;7.58
EWW;LI;;;2;90.44
EWW;LI;;;3;107.41
EWW;LI;;;4;122.47
EWW;LI;;;5;137.55
EWW;LI;;;10;189.29
EWW;LI;;;15;204.14
EWW;LI;;;20;223.24
EWW;LI;;;30;262.41
EWW;LI;;;40;301.84
EWW;LI;;;50;328.26
EWW;LI;;;60;361.98
EWW;LI;;;70;395.71
EWW;LI;;;999999;5.2
EWW;LK;;;2;107.34
EWW;LK;;;3;126.43
EWW;LK;;;4;143.11
EWW;LK;;;5;159.8
EWW;LK;;;10;236.05
EWW;LK;;;15;261.31
EWW;LK;;;20;297.68
EWW;LK;;;30;354.91
EWW;LK;;;40;414.4
EWW;LK;;;50;462.4
EWW;LK;;;60;520.5
EWW;LK;;;70;578.58
EWW;LK;;;999999;7.58
EWW;LR;;;2;107.34
EWW;LR;;;3;126.43
EWW;LR;;;4;143.11
EWW;LR;;;5;159.8
EWW;LR;;;10;236.05
EWW;LR;;;15;261.31
EWW;LR;;;20;297.68
EWW;LR;;;30;354.91
EWW;LR;;;40;414.4
EWW;LR;;;50;462.4
EWW;LR;;;60;520.5
EWW;LR;;;70;578.58
EWW;LR;;;999999;7.58
EWW;LS;;;2;107.34
EWW;LS;;;3;126.43
EWW;LS;;;4;143.11
EWW;LS;;;5;159.8
EWW;LS;;;10;236.05
EWW;LS;;;15;261.31
EWW;LS;;;20;297.68
EWW;LS;;;30;354.91
EWW;LS;;;40;414.4
EWW;LS;;;50;462.4
EWW;LS;;;60;520.5
EWW;LS;;;70;578.58
EWW;LS;;;999999;7.58
EWW;LT;;;2;66.11
EWW;LT;;;3;84.08
EWW;LT;;;4;99.62
EWW;LT;;;5;115.21
EWW;LT;;;10;148.01
EWW;LT;;;15;160.96
EWW;LT;;;20;181.04
EWW;LT;;;30;213
EWW;LT;;;40;243.43
EWW;LT;;;50;267.22
EWW;LT;;;60;296.91
EWW;LT;;;70;326.59
EWW;LT;;;999999;4.29
EWW;LU;;;2;63.09
EWW;LU;;;3;81.81
EWW;LU;;;4;98.24
EWW;LU;;;5;114.66
EWW;LU;;;10;152.62
EWW;LU;;;15;167.78
EWW;LU;;;20;192.04
EWW;LU;;;30;225.2
EWW;LU;;;40;262.94
EWW;LU;;;50;291.51
EWW;LU;;;60;324.9
EWW;LU;;;70;358.27
EWW;LU;;;999999;4.72
EWW;LV;;;2;66.11
EWW;LV;;;3;84.08
EWW;LV;;;4;99.62
EWW;LV;;;5;115.21
EWW;LV;;;10;148.01
EWW;LV;;;15;160.96
EWW;LV;;;20;181.04
EWW;LV;;;30;213
EWW;LV;;;40;243.43
EWW;LV;;;50;267.22
EWW;LV;;;60;296.91
EWW;LV;;;70;326.59
EWW;LV;;;999999;4.29
EWW;LY;;;2;87.86
EWW;LY;;;3;106.71
EWW;LY;;;4;122.96
EWW;LY;;;5;139.15
EWW;LY;;;10;191
EWW;LY;;;15;214.93
EWW;LY;;;20;248.17
EWW;LY;;;30;292.84
EWW;LY;;;40;338.95
EWW;LY;;;50;375.89
EWW;LY;;;60;421.06
EWW;LY;;;70;466.22
EWW;LY;;;999999;6.13
EWW;MA;;;2;87.86
EWW;MA;;;3;106.71
EWW;MA;;;4;122.96
EWW;MA;;;5;139.15
EWW;MA;;;10;191
EWW;MA;;;15;214.93
EWW;MA;;;20;248.17
EWW;MA;;;30;292.84
EWW;MA;;;40;338.95
EWW;MA;;;50;375.89
EWW;MA;;;60;421.06
EWW;MA;;;70;466.22
EWW;MA;;;999999;6.13
EWW;MC;;;2;63.09
EWW;MC;;;3;81.81
EWW;MC;;;4;98.24
EWW;MC;;;5;114.66
EWW;MC;;;10;152.62
EWW;MC;;;15;167.78
EWW;MC;;;20;192.04
EWW;MC;;;30;225.2
EWW;MC;;;40;262.94
EWW;MC;;;50;291.51
EWW;MC;;;60;324.9
EWW;MC;;;70;358.27
EWW;MC;;;999999;4.72
EWW;MD;;;2;97.44
EWW;MD;;;3;117.3
EWW;MD;;;4;133.67
EWW;MD;;;5;150.01
EWW;MD;;;10;201.2
EWW;MD;;;15;217.98
EWW;MD;;;20;238.84
EWW;MD;;;30;280.64
EWW;MD;;;40;321.71
EWW;MD;;;50;349.26
EWW;MD;;;60;394.5
EWW;MD;;;70;431.7
EWW;MD;;;999999;5.66
EWW;ME;;;2;97.44
EWW;ME;;;3;117.3
EWW;ME;;;4;133.67
EWW;ME;;;5;150.01
EWW;ME;;;10;201.2
EWW;ME;;;15;217.98
EWW;ME;;;20;238.84
EWW;ME;;;30;280.64
EWW;ME;;;40;321.71
EWW;ME;;;50;349.26
EWW;ME;;;60;394.5
EWW;ME;;;70;431.7
EWW;ME;;;999999;5.66
EWW;MG;;;2;107.34
EWW;MG;;;3;126.43
EWW;MG;;;4;143.11
EWW;MG;;;5;159.8
EWW;MG;;;10;236.05
EWW;MG;;;15;261.31
EWW;MG;;;20;297.68
EWW;MG;;;30;354.91
EWW;MG;;;40;414.4
EWW;MG;;;50;462.4
EWW;MG;;;60;520.5
EWW;MG;;;70;578.58
EWW;MG;;;999999;7.58
EWW;MH;;;2;107.34
EWW;MH;;;3;126.43
EWW;MH;;;4;143.11
EWW;MH;;;5;159.8
EWW;MH;;;10;236.05
EWW;MH;;;15;261.31
EWW;MH;;;20;297.68
EWW;MH;;;30;354.91
EWW;MH;;;40;414.4
EWW;MH;;;50;462.4
EWW;MH;;;60;520.5
EWW;MH;;;70;578.58
EWW;MH;;;999999;7.58
EWW;MK;;;2;97.44
EWW;MK;;;3;117.3
EWW;MK;;;4;133.67
EWW;MK;;;5;150.01
EWW;MK;;;10;201.2
EWW;MK;;;15;217.98
EWW;MK;;;20;238.84
EWW;MK;;;30;280.64
EWW;MK;;;40;321.71
EWW;MK;;;50;349.26
EWW;MK;;;60;394.5
EWW;MK;;;70;431.7
EWW;MK;;;999999;5.66
EWW;ML;;;2;107.34
EWW;ML;;;3;126.43
EWW;ML;;;4;143.11
EWW;ML;;;5;159.8
EWW;ML;;;10;236.05
EWW;ML;;;15;261.31
EWW;ML;;;20;297.68
EWW;ML;;;30;354.91
EWW;ML;;;40;414.4
EWW;ML;;;50;462.4
EWW;ML;;;60;520.5
EWW;ML;;;70;578.58
EWW;ML;;;999999;7.58
EWW;MN;;;2;96.37
EWW;MN;;;3;115.84
EWW;MN;;;4;133.25
EWW;MN;;;5;150.65
EWW;MN;;;10;198.26
EWW;MN;;;15;226.36
EWW;MN;;;20;262.88
EWW;MN;;;30;313.55
EWW;MN;;;40;359.03
EWW;MN;;;50;397.89
EWW;MN;;;60;445.47
EWW;MN;;;70;493.04
EWW;MN;;;999999;6.46
EWW;MO;;;2;107.34
EWW;MO;;;3;126.43
EWW;MO;;;4;143.11
EWW;MO;;;5;159.8
EWW;MO;;;10;236.05
EWW;MO;;;15;261.31
EWW;MO;;;20;297.68
EWW;MO;;;30;354.91
EWW;MO;;;40;414.4
EWW;MO;;;50;462.4
EWW;MO;;;60;520.5
EWW;MO;;;70;578.58
EWW;MO;;;999999;7.58
EWW;MP;;;2;107.34
EWW;MP;;;3;126.43
EWW;MP;;;4;143.11
EWW;MP;;;5;159.8
EWW;MP;;;10;236.05
EWW;MP;;;15;261.31
EWW;MP;;;20;297.68
EWW;MP;;;30;354.91
EWW;MP;;;40;414.4
EWW;MP;;;50;462.4
EWW;MP;;;60;520.5
EWW;MP;;;70;578.58
EWW;MP;;;999999;7.58
EWW;MQ;;;2;107.34
EWW;MQ;;;3;126.43
EWW;MQ;;;4;143.11
EWW;MQ;;;5;159.8
EWW;MQ;;;10;236.05
EWW;MQ;;;15;261.31
EWW;MQ;;;20;297.68
EWW;MQ;;;30;354.91
EWW;MQ;;;40;414.4
EWW;MQ;;;50;462.4
EWW;MQ;;;60;520.5
EWW;MQ;;;70;578.58
EWW;MQ;;;999999;7.58
EWW;MR;;;2;107.34
EWW;MR;;;3;126.43
EWW;MR;;;4;143.11
EWW;MR;;;5;159.8
EWW;MR;;;10;236.05
EWW;MR;;;15;261.31
EWW;MR;;;20;297.68
EWW;MR;;;30;354.91
EWW;MR;;;40;414.4
EWW;MR;;;50;462.4
EWW;MR;;;60;520.5
EWW;MR;;;70;578.58
EWW;MR;;;999999;7.58
EWW;MS;;;2;107.34
EWW;MS;;;3;126.43
EWW;MS;;;4;143.11
EWW;MS;;;5;159.8
EWW;MS;;;10;236.05
EWW;MS;;;15;261.31
EWW;MS;;;20;297.68
EWW;MS;;;30;354.91
EWW;MS;;;40;414.4
EWW;MS;;;50;462.4
EWW;MS;;;60;520.5
EWW;MS;;;70;578.58
EWW;MS;;;999999;7.58
EWW;MT;;;2;66.11
EWW;MT;;;3;84.08
EWW;MT;;;4;99.62
EWW;MT;;;5;115.21
EWW;MT;;;10;148.01
EWW;MT;;;15;160.96
EWW;MT;;;20;181.04
EWW;MT;;;30;213
EWW;MT;;;40;243.43
EWW;MT;;;50;267.22
EWW;MT;;;60;296.91
EWW;MT;;;70;326.59
EWW;MT;;;999999;4.29
EWW;MU;;;2;107.34
EWW;MU;;;3;126.43
EWW;MU;;;4;143.11
EWW;MU;;;5;159.8
EWW;MU;;;10;236.05
EWW;MU;;;15;261.31
EWW;MU;;;20;297.68
EWW;MU;;;30;354.91
EWW;MU;;;40;414.4
EWW;MU;;;50;462.4
EWW;MU;;;60;520.5
EWW;MU;;;70;578.58
EWW;MU;;;999999;7.58
EWW;MV;;;2;107.34
EWW;MV;;;3;126.43
EWW;MV;;;4;143.11
EWW;MV;;;5;159.8
EWW;MV;;;10;236.05
EWW;MV;;;15;261.31
EWW;MV;;;20;297.68
EWW;MV;;;30;354.91
EWW;MV;;;40;414.4
EWW;MV;;;50;462.4
EWW;MV;;;60;520.5
EWW;MV;;;70;578.58
EWW;MV;;;999999;7.58
EWW;MW;;;2;107.34
EWW;MW;;;3;126.43
EWW;MW;;;4;143.11
EWW;MW;;;5;159.8
EWW;MW;;;10;236.05
EWW;MW;;;15;261.31
EWW;MW;;;20;297.68
EWW;MW;;;30;354.91
EWW;MW;;;40;414.4
EWW;MW;;;50;462.4
EWW;MW;;;60;520.5
EWW;MW;;;70;578.58
EWW;MW;;;999999;7.58
EWW;MX;;;2;87.86
EWW;MX;;;3;106.71
EWW;MX;;;4;122.96
EWW;MX;;;5;139.15
EWW;MX;;;10;191
EWW;MX;;;15;214.93
EWW;MX;;;20;248.17
EWW;MX;;;30;292.84
EWW;MX;;;40;338.95
EWW;MX;;;50;375.89
EWW;MX;;;60;421.06
EWW;MX;;;70;466.22
EWW;MX;;;999999;6.13
EWW;MY;;;2;96.37
EWW;MY;;;3;115.84
EWW;MY;;;4;133.25
EWW;MY;;;5;150.65
EWW;MY;;;10;198.26
EWW;MY;;;15;226.36
EWW;MY;;;20;262.88
EWW;MY;;;30;313.55
EWW;MY;;;40;359.03
EWW;MY;;;50;397.89
EWW;MY;;;60;445.47
EWW;MY;;;70;493.04
EWW;MY;;;999999;6.46
EWW;MZ;;;2;107.34
EWW;MZ;;;3;126.43
EWW;MZ;;;4;143.11
EWW;MZ;;;5;159.8
EWW;MZ;;;10;236.05
EWW;MZ;;;15;261.31
EWW;MZ;;;20;297.68
EWW;MZ;;;30;354.91
EWW;MZ;;;40;414.4
EWW;MZ;;;50;462.4
EWW;MZ;;;60;520.5
EWW;MZ;;;70;578.58
EWW;MZ;;;999999;7.58
EWW;NA;;;2;107.34
EWW;NA;;;3;126.43
EWW;NA;;;4;143.11
EWW;NA;;;5;159.8
EWW;NA;;;10;236.05
EWW;NA;;;15;261.31
EWW;NA;;;20;297.68
EWW;NA;;;30;354.91
EWW;NA;;;40;414.4
EWW;NA;;;50;462.4
EWW;NA;;;60;520.5
EWW;NA;;;70;578.58
EWW;NA;;;999999;7.58
EWW;NC;;;2;107.34
EWW;NC;;;3;126.43
EWW;NC;;;4;143.11
EWW;NC;;;5;159.8
EWW;NC;;;10;236.05
EWW;NC;;;15;261.31
EWW;NC;;;20;297.68
EWW;NC;;;30;354.91
EWW;NC;;;40;414.4
EWW;NC;;;50;462.4
EWW;NC;;;60;520.5
EWW;NC;;;70;578.58
EWW;NC;;;999999;7.58
EWW;NE;;;2;107.34
EWW;NE;;;3;126.43
EWW;NE;;;4;143.11
EWW;NE;;;5;159.8
EWW;NE;;;10;236.05
EWW;NE;;;15;261.31
EWW;NE;;;20;297.68
EWW;NE;;;30;354.91
EWW;NE;;;40;414.4
EWW;NE;;;50;462.4
EWW;NE;;;60;520.5
EWW;NE;;;70;578.58
EWW;NE;;;999999;7.58
EWW;NF;;;2;107.34
EWW;NF;;;3;126.43
EWW;NF;;;4;143.11
EWW;NF;;;5;159.8
EWW;NF;;;10;236.05
EWW;NF;;;15;261.31
EWW;NF;;;20;297.68
EWW;NF;;;30;354.91
EWW;NF;;;40;414.4
EWW;NF;;;50;462.4
EWW;NF;;;60;520.5
EWW;NF;;;70;578.58
EWW;NF;;;999999;7.58
EWW;NG;;;2;107.34
EWW;NG;;;3;126.43
EWW;NG;;;4;143.11
EWW;NG;;;5;159.8
EWW;NG;;;10;236.05
EWW;NG;;;15;261.31
EWW;NG;;;20;297.68
EWW;NG;;;30;354.91
EWW;NG;;;40;414.4
EWW;NG;;;50;462.4
EWW;NG;;;60;520.5
EWW;NG;;;70;578.58
EWW;NG;;;999999;7.58
EWW;NI;;;2;87.86
EWW;NI;;;3;106.71
EWW;NI;;;4;122.96
EWW;NI;;;5;139.15
EWW;NI;;;10;191
EWW;NI;;;15;214.93
EWW;NI;;;20;248.17
EWW;NI;;;30;292.84
EWW;NI;;;40;338.95
EWW;NI;;;50;375.89
EWW;NI;;;60;421.06
EWW;NI;;;70;466.22
EWW;NI;;;999999;6.13
EWW;NL;;;2;63.09
EWW;NL;;;3;81.81
EWW;NL;;;4;98.24
EWW;NL;;;5;114.66
EWW;NL;;;10;152.62
EWW;NL;;;15;167.78
EWW;NL;;;20;192.04
EWW;NL;;;30;225.2
EWW;NL;;;40;262.94
EWW;NL;;;50;291.51
EWW;NL;;;60;324.9
EWW;NL;;;70;358.27
EWW;NL;;;999999;4.72
EWW;NO;;;2;90.44
EWW;NO;;;3;107.41
EWW;NO;;;4;122.47
EWW;NO;;;5;137.55
EWW;NO;;;10;189.29
EWW;NO;;;15;204.14
EWW;NO;;;20;223.24
EWW;NO;;;30;262.41
EWW;NO;;;40;301.84
EWW;NO;;;50;328.26
EWW;NO;;;60;361.98
EWW;NO;;;70;395.71
EWW;NO;;;999999;5.2
EWW;NP;;;2;107.34
EWW;NP;;;3;126.43
EWW;NP;;;4;143.11
EWW;NP;;;5;159.8
EWW;NP;;;10;236.05
EWW;NP;;;15;261.31
EWW;NP;;;20;297.68
EWW;NP;;;30;354.91
EWW;NP;;;40;414.4
EWW;NP;;;50;462.4
EWW;NP;;;60;520.5
EWW;NP;;;70;578.58
EWW;NP;;;999999;7.58
EWW;NZ;;;2;96.37
EWW;NZ;;;3;115.84
EWW;NZ;;;4;133.25
EWW;NZ;;;5;150.65
EWW;NZ;;;10;198.26
EWW;NZ;;;15;226.36
EWW;NZ;;;20;262.88
EWW;NZ;;;30;313.55
EWW;NZ;;;40;359.03
EWW;NZ;;;50;397.89
EWW;NZ;;;60;445.47
EWW;NZ;;;70;493.04
EWW;NZ;;;999999;6.46
EWW;OM;;;2;96.37
EWW;OM;;;3;115.84
EWW;OM;;;4;133.25
EWW;OM;;;5;150.65
EWW;OM;;;10;198.26
EWW;OM;;;15;226.36
EWW;OM;;;20;262.88
EWW;OM;;;30;313.55
EWW;OM;;;40;359.03
EWW;OM;;;50;397.89
EWW;OM;;;60;445.47
EWW;OM;;;70;493.04
EWW;OM;;;999999;6.46
EWW;PA;;;2;87.86
EWW;PA;;;3;106.71
EWW;PA;;;4;122.96
EWW;PA;;;5;139.15
EWW;PA;;;10;191
EWW;PA;;;15;214.93
EWW;PA;;;20;248.17
EWW;PA;;;30;292.84
EWW;PA;;;40;338.95
EWW;PA;;;50;375.89
EWW;PA;;;60;421.06
EWW;PA;;;70;466.22
EWW;PA;;;999999;6.13
EWW;PE;;;2;87.86
EWW;PE;;;3;106.71
EWW;PE;;;4;122.96
EWW;PE;;;5;139.15
EWW;PE;;;10;191
EWW;PE;;;15;214.93
EWW;PE;;;20;248.17
EWW;PE;;;30;292.84
EWW;PE;;;40;338.95
EWW;PE;;;50;375.89
EWW;PE;;;60;421.06
EWW;PE;;;70;466.22
EWW;PE;;;999999;6.13
EWW;PF;;;2;107.34
EWW;PF;;;3;126.43
EWW;PF;;;4;143.11
EWW;PF;;;5;159.8
EWW;PF;;;10;236.05
EWW;PF;;;15;261.31
EWW;PF;;;20;297.68
EWW;PF;;;30;354.91
EWW;PF;;;40;414.4
EWW;PF;;;50;462.4
EWW;PF;;;60;520.5
EWW;PF;;;70;578.58
EWW;PF;;;999999;7.58
EWW;PG;;;2;107.34
EWW;PG;;;3;126.43
EWW;PG;;;4;143.11
EWW;PG;;;5;159.8
EWW;PG;;;10;236.05
EWW;PG;;;15;261.31
EWW;PG;;;20;297.68
EWW;PG;;;30;354.91
EWW;PG;;;40;414.4
EWW;PG;;;50;462.4
EWW;PG;;;60;520.5
EWW;PG;;;70;578.58
EWW;PG;;;999999;7.58
EWW;PH;;;2;96.37
EWW;PH;;;3;115.84
EWW;PH;;;4;133.25
EWW;PH;;;5;150.65
EWW;PH;;;10;198.26
EWW;PH;;;15;226.36
EWW;PH;;;20;262.88
EWW;PH;;;30;313.55
EWW;PH;;;40;359.03
EWW;PH;;;50;397.89
EWW;PH;;;60;445.47
EWW;PH;;;70;493.04
EWW;PH;;;999999;6.46
EWW;PK;;;2;96.37
EWW;PK;;;3;115.84
EWW;PK;;;4;133.25
EWW;PK;;;5;150.65
EWW;PK;;;10;198.26
EWW;PK;;;15;226.36
EWW;PK;;;20;262.88
EWW;PK;;;30;313.55
EWW;PK;;;40;359.03
EWW;PK;;;50;397.89
EWW;PK;;;60;445.47
EWW;PK;;;70;493.04
EWW;PK;;;999999;6.46
EWW;PL;;;2;66.11
EWW;PL;;;3;84.08
EWW;PL;;;4;99.62
EWW;PL;;;5;115.21
EWW;PL;;;10;148.01
EWW;PL;;;15;160.96
EWW;PL;;;20;181.04
EWW;PL;;;30;213
EWW;PL;;;40;243.43
EWW;PL;;;50;267.22
EWW;PL;;;60;296.91
EWW;PL;;;70;326.59
EWW;PL;;;999999;4.29
EWW;PR;;;2;72.71
EWW;PR;;;3;93.6
EWW;PR;;;4;109.68
EWW;PR;;;5;125.78
EWW;PR;;;10;160.59
EWW;PR;;;15;170.64
EWW;PR;;;20;188.57
EWW;PR;;;30;220.51
EWW;PR;;;40;252.13
EWW;PR;;;50;276.88
EWW;PR;;;60;307.68
EWW;PR;;;70;338.53
EWW;PR;;;999999;4.45
EWW;PS;;;2;107.34
EWW;PS;;;3;126.43
EWW;PS;;;4;143.11
EWW;PS;;;5;159.8
EWW;PS;;;10;236.05
EWW;PS;;;15;261.31
EWW;PS;;;20;297.68
EWW;PS;;;30;354.91
EWW;PS;;;40;414.4
EWW;PS;;;50;462.4
EWW;PS;;;60;520.5
EWW;PS;;;70;578.58
EWW;PS;;;999999;7.58
EWW;PW;;;2;107.34
EWW;PW;;;3;126.43
EWW;PW;;;4;143.11
EWW;PW;;;5;159.8
EWW;PW;;;10;236.05
EWW;PW;;;15;261.31
EWW;PW;;;20;297.68
EWW;PW;;;30;354.91
EWW;PW;;;40;414.4
EWW;PW;;;50;462.4
EWW;PW;;;60;520.5
EWW;PW;;;70;578.58
EWW;PW;;;999999;7.58
EWW;PY;;;2;87.86
EWW;PY;;;3;106.71
EWW;PY;;;4;122.96
EWW;PY;;;5;139.15
EWW;PY;;;10;191
EWW;PY;;;15;214.93
EWW;PY;;;20;248.17
EWW;PY;;;30;292.84
EWW;PY;;;40;338.95
EWW;PY;;;50;375.89
EWW;PY;;;60;421.06
EWW;PY;;;70;466.22
EWW;PY;;;999999;6.13
EWW;QA;;;2;96.37
EWW;QA;;;3;115.84
EWW;QA;;;4;133.25
EWW;QA;;;5;150.65
EWW;QA;;;10;198.26
EWW;QA;;;15;226.36
EWW;QA;;;20;262.88
EWW;QA;;;30;313.55
EWW;QA;;;40;359.03
EWW;QA;;;50;397.89
EWW;QA;;;60;445.47
EWW;QA;;;70;493.04
EWW;QA;;;999999;6.46
EWW;RE;;;2;107.34
EWW;RE;;;3;126.43
EWW;RE;;;4;143.11
EWW;RE;;;5;159.8
EWW;RE;;;10;236.05
EWW;RE;;;15;261.31
EWW;RE;;;20;297.68
EWW;RE;;;30;354.91
EWW;RE;;;40;414.4
EWW;RE;;;50;462.4
EWW;RE;;;60;520.5
EWW;RE;;;70;578.58
EWW;RE;;;999999;7.58
EWW;RO;;;2;66.11
EWW;RO;;;3;84.08
EWW;RO;;;4;99.62
EWW;RO;;;5;115.21
EWW;RO;;;10;148.01
EWW;RO;;;15;160.96
EWW;RO;;;20;181.04
EWW;RO;;;30;213
EWW;RO;;;40;243.43
EWW;RO;;;50;267.22
EWW;RO;;;60;296.91
EWW;RO;;;70;326.59
EWW;RO;;;999999;4.29
EWW;RS;;;2;97.44
EWW;RS;;;3;117.3
EWW;RS;;;4;133.67
EWW;RS;;;5;150.01
EWW;RS;;;10;201.2
EWW;RS;;;15;217.98
EWW;RS;;;20;238.84
EWW;RS;;;30;280.64
EWW;RS;;;40;321.71
EWW;RS;;;50;349.26
EWW;RS;;;60;394.5
EWW;RS;;;70;431.7
EWW;RS;;;999999;5.66
EWW;RU;;;2;107.34
EWW;RU;;;3;126.43
EWW;RU;;;4;143.11
EWW;RU;;;5;159.8
EWW;RU;;;10;236.05
EWW;RU;;;15;261.31
EWW;RU;;;20;297.68
EWW;RU;;;30;354.91
EWW;RU;;;40;414.4
EWW;RU;;;50;462.4
EWW;RU;;;60;520.5
EWW;RU;;;70;578.58
EWW;RU;;;999999;7.58
EWW;RW;;;2;107.34
EWW;RW;;;3;126.43
EWW;RW;;;4;143.11
EWW;RW;;;5;159.8
EWW;RW;;;10;236.05
EWW;RW;;;15;261.31
EWW;RW;;;20;297.68
EWW;RW;;;30;354.91
EWW;RW;;;40;414.4
EWW;RW;;;50;462.4
EWW;RW;;;60;520.5
EWW;RW;;;70;578.58
EWW;RW;;;999999;7.58
EWW;SA;;;2;96.37
EWW;SA;;;3;115.84
EWW;SA;;;4;133.25
EWW;SA;;;5;150.65
EWW;SA;;;10;198.26
EWW;SA;;;15;226.36
EWW;SA;;;20;262.88
EWW;SA;;;30;313.55
EWW;SA;;;40;359.03
EWW;SA;;;50;397.89
EWW;SA;;;60;445.47
EWW;SA;;;70;493.04
EWW;SA;;;999999;6.46
EWW;SB;;;2;107.34
EWW;SB;;;3;126.43
EWW;SB;;;4;143.11
EWW;SB;;;5;159.8
EWW;SB;;;10;236.05
EWW;SB;;;15;261.31
EWW;SB;;;20;297.68
EWW;SB;;;30;354.91
EWW;SB;;;40;414.4
EWW;SB;;;50;462.4
EWW;SB;;;60;520.5
EWW;SB;;;70;578.58
EWW;SB;;;999999;7.58
EWW;SC;;;2;107.34
EWW;SC;;;3;126.43
EWW;SC;;;4;143.11
EWW;SC;;;5;159.8
EWW;SC;;;10;236.05
EWW;SC;;;15;261.31
EWW;SC;;;20;297.68
EWW;SC;;;30;354.91
EWW;SC;;;40;414.4
EWW;SC;;;50;462.4
EWW;SC;;;60;520.5
EWW;SC;;;70;578.58
EWW;SC;;;999999;7.58
EWW;SE;;;2;89.59
EWW;SE;;;3;106.93
EWW;SE;;;4;122.01
EWW;SE;;;5;137.07
EWW;SE;;;10;188.61
EWW;SE;;;15;203.55
EWW;SE;;;20;222.65
EWW;SE;;;30;261.9
EWW;SE;;;40;299.32
EWW;SE;;;50;325.6
EWW;SE;;;60;360.75
EWW;SE;;;70;394.27
EWW;SE;;;999999;5.18
EWW;SG;;;2;87.86
EWW;SG;;;3;106.71
EWW;SG;;;4;122.96
EWW;SG;;;5;139.15
EWW;SG;;;10;191
EWW;SG;;;15;214.93
EWW;SG;;;20;248.17
EWW;SG;;;30;292.84
EWW;SG;;;40;338.95
EWW;SG;;;50;375.89
EWW;SG;;;60;421.06
EWW;SG;;;70;466.22
EWW;SG;;;999999;6.13
EWW;SI;;;2;66.11
EWW;SI;;;3;84.08
EWW;SI;;;4;99.62
EWW;SI;;;5;115.21
EWW;SI;;;10;148.01
EWW;SI;;;15;160.96
EWW;SI;;;20;181.04
EWW;SI;;;30;213
EWW;SI;;;40;243.43
EWW;SI;;;50;267.22
EWW;SI;;;60;296.91
EWW;SI;;;70;326.59
EWW;SI;;;999999;4.29
EWW;SK;;;2;97.44
EWW;SK;;;3;117.3
EWW;SK;;;4;133.67
EWW;SK;;;5;150.01
EWW;SK;;;10;201.2
EWW;SK;;;15;217.98
EWW;SK;;;20;238.84
EWW;SK;;;30;280.64
EWW;SK;;;40;321.71
EWW;SK;;;50;349.26
EWW;SK;;;60;394.5
EWW;SK;;;70;431.7
EWW;SK;;;999999;5.66
EWW;SL;;;2;107.34
EWW;SL;;;3;126.43
EWW;SL;;;4;143.11
EWW;SL;;;5;159.8
EWW;SL;;;10;236.05
EWW;SL;;;15;261.31
EWW;SL;;;20;297.68
EWW;SL;;;30;354.91
EWW;SL;;;40;414.4
EWW;SL;;;50;462.4
EWW;SL;;;60;520.5
EWW;SL;;;70;578.58
EWW;SL;;;999999;7.58
EWW;SM;;;2;90.44
EWW;SM;;;3;107.41
EWW;SM;;;4;122.47
EWW;SM;;;5;137.55
EWW;SM;;;10;189.29
EWW;SM;;;15;204.14
EWW;SM;;;20;223.24
EWW;SM;;;30;262.41
EWW;SM;;;40;301.84
EWW;SM;;;50;328.26
EWW;SM;;;60;361.98
EWW;SM;;;70;395.71
EWW;SM;;;999999;5.2
EWW;SN;;;2;107.34
EWW;SN;;;3;126.43
EWW;SN;;;4;143.11
EWW;SN;;;5;159.8
EWW;SN;;;10;236.05
EWW;SN;;;15;261.31
EWW;SN;;;20;297.68
EWW;SN;;;30;354.91
EWW;SN;;;40;414.4
EWW;SN;;;50;462.4
EWW;SN;;;60;520.5
EWW;SN;;;70;578.58
EWW;SN;;;999999;7.58
EWW;SR;;;2;107.34
EWW;SR;;;3;126.43
EWW;SR;;;4;143.11
EWW;SR;;;5;159.8
EWW;SR;;;10;236.05
EWW;SR;;;15;261.31
EWW;SR;;;20;297.68
EWW;SR;;;30;354.91
EWW;SR;;;40;414.4
EWW;SR;;;50;462.4
EWW;SR;;;60;520.5
EWW;SR;;;70;578.58
EWW;SR;;;999999;7.58
EWW;SV;;;2;87.86
EWW;SV;;;3;106.71
EWW;SV;;;4;122.96
EWW;SV;;;5;139.15
EWW;SV;;;10;191
EWW;SV;;;15;214.93
EWW;SV;;;20;248.17
EWW;SV;;;30;292.84
EWW;SV;;;40;338.95
EWW;SV;;;50;375.89
EWW;SV;;;60;421.06
EWW;SV;;;70;466.22
EWW;SV;;;999999;6.13
EWW;SY;;;2;96.37
EWW;SY;;;3;115.84
EWW;SY;;;4;133.25
EWW;SY;;;5;150.65
EWW;SY;;;10;198.26
EWW;SY;;;15;226.36
EWW;SY;;;20;262.88
EWW;SY;;;30;313.55
EWW;SY;;;40;359.03
EWW;SY;;;50;397.89
EWW;SY;;;60;445.47
EWW;SY;;;70;493.04
EWW;SY;;;999999;6.46
EWW;SZ;;;2;107.34
EWW;SZ;;;3;126.43
EWW;SZ;;;4;143.11
EWW;SZ;;;5;159.8
EWW;SZ;;;10;236.05
EWW;SZ;;;15;261.31
EWW;SZ;;;20;297.68
EWW;SZ;;;30;354.91
EWW;SZ;;;40;414.4
EWW;SZ;;;50;462.4
EWW;SZ;;;60;520.5
EWW;SZ;;;70;578.58
EWW;SZ;;;999999;7.58
EWW;TC;;;2;107.34
EWW;TC;;;3;126.43
EWW;TC;;;4;143.11
EWW;TC;;;5;159.8
EWW;TC;;;10;236.05
EWW;TC;;;15;261.31
EWW;TC;;;20;297.68
EWW;TC;;;30;354.91
EWW;TC;;;40;414.4
EWW;TC;;;50;462.4
EWW;TC;;;60;520.5
EWW;TC;;;70;578.58
EWW;TC;;;999999;7.58
EWW;TD;;;2;96.37
EWW;TD;;;3;115.84
EWW;TD;;;4;133.25
EWW;TD;;;5;150.65
EWW;TD;;;10;198.26
EWW;TD;;;15;226.36
EWW;TD;;;20;262.88
EWW;TD;;;30;313.55
EWW;TD;;;40;359.03
EWW;TD;;;50;397.89
EWW;TD;;;60;445.47
EWW;TD;;;70;493.04
EWW;TD;;;999999;6.46
EWW;TG;;;2;107.34
EWW;TG;;;3;126.43
EWW;TG;;;4;143.11
EWW;TG;;;5;159.8
EWW;TG;;;10;236.05
EWW;TG;;;15;261.31
EWW;TG;;;20;297.68
EWW;TG;;;30;354.91
EWW;TG;;;40;414.4
EWW;TG;;;50;462.4
EWW;TG;;;60;520.5
EWW;TG;;;70;578.58
EWW;TG;;;999999;7.58
EWW;TH;;;2;87.86
EWW;TH;;;3;106.71
EWW;TH;;;4;122.96
EWW;TH;;;5;139.15
EWW;TH;;;10;191
EWW;TH;;;15;214.93
EWW;TH;;;20;248.17
EWW;TH;;;30;292.84
EWW;TH;;;40;338.95
EWW;TH;;;50;375.89
EWW;TH;;;60;421.06
EWW;TH;;;70;466.22
EWW;TH;;;999999;6.13
EWW;TJ;;;2;107.34
EWW;TJ;;;3;126.43
EWW;TJ;;;4;143.11
EWW;TJ;;;5;159.8
EWW;TJ;;;10;236.05
EWW;TJ;;;15;261.31
EWW;TJ;;;20;297.68
EWW;TJ;;;30;354.91
EWW;TJ;;;40;414.4
EWW;TJ;;;50;462.4
EWW;TJ;;;60;520.5
EWW;TJ;;;70;578.58
EWW;TJ;;;999999;7.58
EWW;TL;;;2;107.34
EWW;TL;;;3;126.43
EWW;TL;;;4;143.11
EWW;TL;;;5;159.8
EWW;TL;;;10;236.05
EWW;TL;;;15;261.31
EWW;TL;;;20;297.68
EWW;TL;;;30;354.91
EWW;TL;;;40;414.4
EWW;TL;;;50;462.4
EWW;TL;;;60;520.5
EWW;TL;;;70;578.58
EWW;TL;;;999999;7.58
EWW;TM;;;2;107.34
EWW;TM;;;3;126.43
EWW;TM;;;4;143.11
EWW;TM;;;5;159.8
EWW;TM;;;10;236.05
EWW;TM;;;15;261.31
EWW;TM;;;20;297.68
EWW;TM;;;30;354.91
EWW;TM;;;40;414.4
EWW;TM;;;50;462.4
EWW;TM;;;60;520.5
EWW;TM;;;70;578.58
EWW;TM;;;999999;7.58
EWW;TN;;;2;107.34
EWW;TN;;;3;126.43
EWW;TN;;;4;143.11
EWW;TN;;;5;159.8
EWW;TN;;;10;236.05
EWW;TN;;;15;261.31
EWW;TN;;;20;297.68
EWW;TN;;;30;354.91
EWW;TN;;;40;414.4
EWW;TN;;;50;462.4
EWW;TN;;;60;520.5
EWW;TN;;;70;578.58
EWW;TN;;;999999;7.58
EWW;TO;;;2;107.34
EWW;TO;;;3;126.43
EWW;TO;;;4;143.11
EWW;TO;;;5;159.8
EWW;TO;;;10;236.05
EWW;TO;;;15;261.31
EWW;TO;;;20;297.68
EWW;TO;;;30;354.91
EWW;TO;;;40;414.4
EWW;TO;;;50;462.4
EWW;TO;;;60;520.5
EWW;TO;;;70;578.58
EWW;TO;;;999999;7.58
EWW;TR;;;2;97.44
EWW;TR;;;3;117.3
EWW;TR;;;4;133.67
EWW;TR;;;5;150.01
EWW;TR;;;10;201.2
EWW;TR;;;15;217.98
EWW;TR;;;20;238.84
EWW;TR;;;30;280.64
EWW;TR;;;40;321.71
EWW;TR;;;50;349.26
EWW;TR;;;60;394.5
EWW;TR;;;70;431.7
EWW;TR;;;999999;5.66
EWW;TT;;;2;107.34
EWW;TT;;;3;126.43
EWW;TT;;;4;143.11
EWW;TT;;;5;159.8
EWW;TT;;;10;236.05
EWW;TT;;;15;261.31
EWW;TT;;;20;297.68
EWW;TT;;;30;354.91
EWW;TT;;;40;414.4
EWW;TT;;;50;462.4
EWW;TT;;;60;520.5
EWW;TT;;;70;578.58
EWW;TT;;;999999;7.58
EWW;TV;;;2;107.34
EWW;TV;;;3;126.43
EWW;TV;;;4;143.11
EWW;TV;;;5;159.8
EWW;TV;;;10;236.05
EWW;TV;;;15;261.31
EWW;TV;;;20;297.68
EWW;TV;;;30;354.91
EWW;TV;;;40;414.4
EWW;TV;;;50;462.4
EWW;TV;;;60;520.5
EWW;TV;;;70;578.58
EWW;TV;;;999999;7.58
EWW;TW;;;2;87.86
EWW;TW;;;3;106.71
EWW;TW;;;4;122.96
EWW;TW;;;5;139.15
EWW;TW;;;10;191
EWW;TW;;;15;214.93
EWW;TW;;;20;248.17
EWW;TW;;;30;292.84
EWW;TW;;;40;338.95
EWW;TW;;;50;375.89
EWW;TW;;;60;421.06
EWW;TW;;;70;466.22
EWW;TW;;;999999;6.13
EWW;TZ;;;2;107.34
EWW;TZ;;;3;126.43
EWW;TZ;;;4;143.11
EWW;TZ;;;5;159.8
EWW;TZ;;;10;236.05
EWW;TZ;;;15;261.31
EWW;TZ;;;20;297.68
EWW;TZ;;;30;354.91
EWW;TZ;;;40;414.4
EWW;TZ;;;50;462.4
EWW;TZ;;;60;520.5
EWW;TZ;;;70;578.58
EWW;TZ;;;999999;7.58
EWW;UA;;;2;97.44
EWW;UA;;;3;117.3
EWW;UA;;;4;133.67
EWW;UA;;;5;150.01
EWW;UA;;;10;201.2
EWW;UA;;;15;217.98
EWW;UA;;;20;238.84
EWW;UA;;;30;280.64
EWW;UA;;;40;321.71
EWW;UA;;;50;349.26
EWW;UA;;;60;394.5
EWW;UA;;;70;431.7
EWW;UA;;;999999;5.66
EWW;UG;;;2;107.34
EWW;UG;;;3;126.43
EWW;UG;;;4;143.11
EWW;UG;;;5;159.8
EWW;UG;;;10;236.05
EWW;UG;;;15;261.31
EWW;UG;;;20;297.68
EWW;UG;;;30;354.91
EWW;UG;;;40;414.4
EWW;UG;;;50;462.4
EWW;UG;;;60;520.5
EWW;UG;;;70;578.58
EWW;UG;;;999999;7.58
EWW;US;;;2;72.71
EWW;US;;;3;93.6
EWW;US;;;4;109.68
EWW;US;;;5;125.78
EWW;US;;;10;160.59
EWW;US;;;15;170.64
EWW;US;;;20;188.57
EWW;US;;;30;220.51
EWW;US;;;40;252.13
EWW;US;;;50;276.88
EWW;US;;;60;307.68
EWW;US;;;70;338.53
EWW;US;;;999999;4.45
EWW;UY;;;2;87.86
EWW;UY;;;3;106.71
EWW;UY;;;4;122.96
EWW;UY;;;5;139.15
EWW;UY;;;10;191
EWW;UY;;;15;214.93
EWW;UY;;;20;248.17
EWW;UY;;;30;292.84
EWW;UY;;;40;338.95
EWW;UY;;;50;375.89
EWW;UY;;;60;421.06
EWW;UY;;;70;466.22
EWW;UY;;;999999;6.13
EWW;UZ;;;2;107.34
EWW;UZ;;;3;126.43
EWW;UZ;;;4;143.11
EWW;UZ;;;5;159.8
EWW;UZ;;;10;236.05
EWW;UZ;;;15;261.31
EWW;UZ;;;20;297.68
EWW;UZ;;;30;354.91
EWW;UZ;;;40;414.4
EWW;UZ;;;50;462.4
EWW;UZ;;;60;520.5
EWW;UZ;;;70;578.58
EWW;UZ;;;999999;7.58
EWW;VA;;;2;89.59
EWW;VA;;;3;106.93
EWW;VA;;;4;122.01
EWW;VA;;;5;137.07
EWW;VA;;;10;188.61
EWW;VA;;;15;203.55
EWW;VA;;;20;222.65
EWW;VA;;;30;261.9
EWW;VA;;;40;299.32
EWW;VA;;;50;325.6
EWW;VA;;;60;360.75
EWW;VA;;;70;394.27
EWW;VA;;;999999;5.18
EWW;VC;;;2;107.34
EWW;VC;;;3;126.43
EWW;VC;;;4;143.11
EWW;VC;;;5;159.8
EWW;VC;;;10;236.05
EWW;VC;;;15;261.31
EWW;VC;;;20;297.68
EWW;VC;;;30;354.91
EWW;VC;;;40;414.4
EWW;VC;;;50;462.4
EWW;VC;;;60;520.5
EWW;VC;;;70;578.58
EWW;VC;;;999999;7.58
EWW;VE;;;2;87.86
EWW;VE;;;3;106.71
EWW;VE;;;4;122.96
EWW;VE;;;5;139.15
EWW;VE;;;10;191
EWW;VE;;;15;214.93
EWW;VE;;;20;248.17
EWW;VE;;;30;292.84
EWW;VE;;;40;338.95
EWW;VE;;;50;375.89
EWW;VE;;;60;421.06
EWW;VE;;;70;466.22
EWW;VE;;;999999;6.13
EWW;VG;;;2;107.34
EWW;VG;;;3;126.43
EWW;VG;;;4;143.11
EWW;VG;;;5;159.8
EWW;VG;;;10;236.05
EWW;VG;;;15;261.31
EWW;VG;;;20;297.68
EWW;VG;;;30;354.91
EWW;VG;;;40;414.4
EWW;VG;;;50;462.4
EWW;VG;;;60;520.5
EWW;VG;;;70;578.58
EWW;VG;;;999999;7.58
EWW;VI;;;2;107.34
EWW;VI;;;3;126.43
EWW;VI;;;4;143.11
EWW;VI;;;5;159.8
EWW;VI;;;10;236.05
EWW;VI;;;15;261.31
EWW;VI;;;20;297.68
EWW;VI;;;30;354.91
EWW;VI;;;40;414.4
EWW;VI;;;50;462.4
EWW;VI;;;60;520.5
EWW;VI;;;70;578.58
EWW;VI;;;999999;7.58
EWW;VN;;;2;107.34
EWW;VN;;;3;126.43
EWW;VN;;;4;143.11
EWW;VN;;;5;159.8
EWW;VN;;;10;236.05
EWW;VN;;;15;261.31
EWW;VN;;;20;297.68
EWW;VN;;;30;354.91
EWW;VN;;;40;414.4
EWW;VN;;;50;462.4
EWW;VN;;;60;520.5
EWW;VN;;;70;578.58
EWW;VN;;;999999;7.58
EWW;VU;;;2;107.34
EWW;VU;;;3;126.43
EWW;VU;;;4;143.11
EWW;VU;;;5;159.8
EWW;VU;;;10;236.05
EWW;VU;;;15;261.31
EWW;VU;;;20;297.68
EWW;VU;;;30;354.91
EWW;VU;;;40;414.4
EWW;VU;;;50;462.4
EWW;VU;;;60;520.5
EWW;VU;;;70;578.58
EWW;VU;;;999999;7.58
EWW;WF;;;2;107.34
EWW;WF;;;3;126.43
EWW;WF;;;4;143.11
EWW;WF;;;5;159.8
EWW;WF;;;10;236.05
EWW;WF;;;15;261.31
EWW;WF;;;20;297.68
EWW;WF;;;30;354.91
EWW;WF;;;40;414.4
EWW;WF;;;50;462.4
EWW;WF;;;60;520.5
EWW;WF;;;70;578.58
EWW;WF;;;999999;7.58
EWW;WS;;;2;107.34
EWW;WS;;;3;126.43
EWW;WS;;;4;143.11
EWW;WS;;;5;159.8
EWW;WS;;;10;236.05
EWW;WS;;;15;261.31
EWW;WS;;;20;297.68
EWW;WS;;;30;354.91
EWW;WS;;;40;414.4
EWW;WS;;;50;462.4
EWW;WS;;;60;520.5
EWW;WS;;;70;578.58
EWW;WS;;;999999;7.58
EWW;YE;;;2;107.34
EWW;YE;;;3;126.43
EWW;YE;;;4;143.11
EWW;YE;;;5;159.8
EWW;YE;;;10;236.05
EWW;YE;;;15;261.31
EWW;YE;;;20;297.68
EWW;YE;;;30;354.91
EWW;YE;;;40;414.4
EWW;YE;;;50;462.4
EWW;YE;;;60;520.5
EWW;YE;;;70;578.58
EWW;YE;;;999999;7.58
EWW;ZA;;;2;107.34
EWW;ZA;;;3;126.43
EWW;ZA;;;4;143.11
EWW;ZA;;;5;159.8
EWW;ZA;;;10;236.05
EWW;ZA;;;15;261.31
EWW;ZA;;;20;297.68
EWW;ZA;;;30;354.91
EWW;ZA;;;40;414.4
EWW;ZA;;;50;462.4
EWW;ZA;;;60;520.5
EWW;ZA;;;70;578.58
EWW;ZA;;;999999;7.58
EWW;ZM;;;2;96.37
EWW;ZM;;;3;115.84
EWW;ZM;;;4;133.25
EWW;ZM;;;5;150.65
EWW;ZM;;;10;198.26
EWW;ZM;;;15;226.36
EWW;ZM;;;20;262.88
EWW;ZM;;;30;313.55
EWW;ZM;;;40;359.03
EWW;ZM;;;50;397.89
EWW;ZM;;;60;445.47
EWW;ZM;;;70;493.04
EWW;ZM;;;999999;6.46
EWW;ZW;;;2;107.34
EWW;ZW;;;3;126.43
EWW;ZW;;;4;143.11
EWW;ZW;;;5;159.8
EWW;ZW;;;10;236.05
EWW;ZW;;;15;261.31
EWW;ZW;;;20;297.68
EWW;ZW;;;30;354.91
EWW;ZW;;;40;414.4
EWW;ZW;;;50;462.4
EWW;ZW;;;60;520.5
EWW;ZW;;;70;578.58
EWW;ZW;;;999999;7.58
